Vehicle ID,State,Repair ,Reason,YEAR ,Make,Body Type 
15241383936,AL,Battery replacement,Dead battery,2016,RAM ,"1500 4WD Quad Cab 140.5"" SLT"
15241383936,AL,Dent Repair  Left Fender,Collision,2016,RAM ,"1500 4WD Quad Cab 140.5"" SLT"
60965535744,AL,Battery replacement,Dead battery,2016,RAM ,"1500 4WD Quad Cab 140.5"" SLT"
60965535744,AL,Tire repair,Flat- reparable,2016,RAM ,"1500 4WD Quad Cab 140.5"" SLT"
60965535744,AL,Tire replacement,Flat- hole not reparable,2016,RAM ,"1500 4WD Quad Cab 140.5"" SLT"
1.37172E+11,AL,Battery replacement,Dead battery,2017,Chevrolet Silverado ,"1500 4WD Double Cab 143.5"" LT w/1LT"
1.37172E+11,AL,Windshield replacement,Crack,2017,Chevrolet Silverado ,"1500 4WD Double Cab 143.5"" LT w/1LT"
2.43862E+11,AL,Dent Repair Rear,Collision,2019,RAM ,"1500 Classic SLT 4X2 Crew Cab 6'4"" Box"
3.81035E+11,AR,Windshield replacement,Crack,2016,RAM ,"1500 4WD Quad Cab 140.5"" SLT"
5.4869E+11,AR,Tire repair,Flat- reparable,2016,RAM ,"1500 4WD Quad Cab 140.5"" SLT"
5.4869E+11,AR,Windshield replacement,Crack,2016,RAM ,"1500 4WD Quad Cab 140.5"" SLT"
7.46828E+11,AR,Battery replacement,Dead battery,2017,Chevrolet Silverado ,"1500 4WD Double Cab 143.5"" LT w/1LT"
7.46828E+11,AR,Dent Repair  Left Fender,Collision,2017,Chevrolet Silverado ,"1500 4WD Double Cab 143.5"" LT w/1LT"
7.46828E+11,AR,Tire repair,Flat- reparable,2017,Chevrolet Silverado ,"1500 4WD Double Cab 143.5"" LT w/1LT"
7.46828E+11,AR,Tire replacement,Flat- hole not reparable,2017,Chevrolet Silverado ,"1500 4WD Double Cab 143.5"" LT w/1LT"
9.75449E+11,AR,Tire replacement,Flat- hole not reparable,2018,Chevrolet Silverado ,"1500 2WD Double Cab 143.5"" LT w/1LT"
1.23455E+12,AR,Tire replacement,Flat- hole not reparable,2018,RAM ,"1500 SLT 4X2 Quad Cab 6'4"" Box"
1.52414E+12,AR,Tire replacement,Flat- hole not reparable,2019,RAM ,"1500 Classic SLT 4X2 Crew Cab 6'4"" Box"
1.84421E+12,AZ,Battery replacement,Dead battery,2016,RAM ,"1500 4WD Quad Cab 140.5"" SLT"
1.84421E+12,AZ,Tire repair,Flat- reparable,2016,RAM ,"1500 4WD Quad Cab 140.5"" SLT"
1.84421E+12,AZ,Tire repair,Flat- reparable,2016,RAM ,"1500 4WD Quad Cab 140.5"" SLT"
1.84421E+12,AZ,Windshield replacement,Crack,2016,RAM ,"1500 4WD Quad Cab 140.5"" SLT"
2.19476E+12,AZ,Tire repair,Flat- reparable,2016,RAM ,"1500 4WD Quad Cab 140.5"" SLT"
2.19476E+12,AZ,Tire repair,Flat- reparable,2016,RAM ,"1500 4WD Quad Cab 140.5"" SLT"
2.19476E+12,AZ,Tire replacement,Flat- hole not reparable,2016,RAM ,"1500 4WD Quad Cab 140.5"" SLT"
2.57579E+12,AZ,Battery replacement,Dead battery,2017,Chevrolet Silverado ,"1500 4WD Double Cab 143.5"" LT w/1LT"
2.57579E+12,AZ,Tire repair,Flat- reparable,2017,Chevrolet Silverado ,"1500 4WD Double Cab 143.5"" LT w/1LT"
2.57579E+12,AZ,Tire repair,Flat- reparable,2017,Chevrolet Silverado ,"1500 4WD Double Cab 143.5"" LT w/1LT"
2.57579E+12,AZ,Tire replacement,Flat- hole not reparable,2017,Chevrolet Silverado ,"1500 4WD Double Cab 143.5"" LT w/1LT"
2.98731E+12,AZ,Tire repair,Flat- reparable,2018,Chevrolet Silverado ,"1500 2WD Double Cab 143.5"" LT w/1LT"
2.98731E+12,AZ,Tire replacement,Flat- hole not reparable,2018,Chevrolet Silverado ,"1500 2WD Double Cab 143.5"" LT w/1LT"
3.42931E+12,AZ,Dent Repair  Left Fender,Collision,2018,RAM ,"1500 SLT 4X2 Quad Cab 6'4"" Box"
3.42931E+12,AZ,Tire repair,Flat- reparable,2018,RAM ,"1500 SLT 4X2 Quad Cab 6'4"" Box"
3.42931E+12,AZ,Tire replacement,Flat- hole not reparable,2018,RAM ,"1500 SLT 4X2 Quad Cab 6'4"" Box"
3.90179E+12,AZ,Tire repair,Flat- reparable,2019,Chevrolet Silverado ,1500 LD 4WD Double Cab LT w/1LT
3.90179E+12,AZ,Tire replacement,Flat- hole not reparable,2019,Chevrolet Silverado ,1500 LD 4WD Double Cab LT w/1LT
4.40476E+12,AZ,Tire repair,Flat- reparable,2019,RAM ,"1500 Classic SLT 4X2 Crew Cab 6'4"" Box"
4.93821E+12,CA,Windshield replacement,Crack,2016,RAM ,"1500 4WD Quad Cab 140.5"" SLT"
5.50214E+12,CA,Windshield replacement,Crack,2016,RAM ,"1500 4WD Quad Cab 140.5"" SLT"
6.09655E+12,CA,Fender replacement ,Rust,2016,RAM ,"1500 4WD Quad Cab 140.5"" SLT"
6.09655E+12,CA,Windshield replacement,Crack,2016,RAM ,"1500 4WD Quad Cab 140.5"" SLT"
6.72145E+12,CA,Dent Repair  Left Fender,Collision,2018,Chevrolet Silverado ,"1500 2WD Double Cab 143.5"" LT w/1LT"
7.37683E+12,CA,Wheel Arch,Rust,2018,RAM ,"1500 SLT 4X2 Quad Cab 6'4"" Box"
8.06269E+12,CA,Dent Repair Rear,Collision,2019,Chevrolet Silverado ,1500 LD 4WD Double Cab LT w/1LT
8.77904E+12,CA,Dent Repair  Left Fender,Collision,2019,RAM ,"1500 Classic SLT 4X2 Crew Cab 6'4"" Box"
9.52586E+12,CO,Windshield replacement,Crack,2016,RAM ,"1500 4WD Quad Cab 140.5"" SLT"
1.03032E+13,CO,Windshield replacement,Crack,2016,RAM ,"1500 4WD Quad Cab 140.5"" SLT"
1.1111E+13,CO,Battery replacement,Dead battery,2016,RAM ,"1500 4WD Quad Cab 140.5"" SLT"
1.1111E+13,AZ,Tire replacement,Flat- hole not reparable,2019,RAM ,"1500 Classic SLT 4X2 Crew Cab 6'4"" Box"
1.1111E+13,CO,Windshield replacement,Crack,2016,RAM ,"1500 4WD Quad Cab 140.5"" SLT"
1.19492E+13,CO,Windshield replacement,Crack,2017,Chevrolet Silverado ,"1500 4WD Double Cab 143.5"" LT w/1LT"
1.2818E+13,CO,Battery replacement,Dead battery,2017,Chevrolet Silverado ,"1500 4WD Double Cab 143.5"" LT w/1LT"
1.37172E+13,CO,Tire repair,Flat- reparable,2017,Chevrolet Silverado ,"1500 4WD Double Cab 143.5"" LT w/1LT"
1.4647E+13,CO,Tire repair,Flat- reparable,2018,RAM ,"1500 SLT 4X2 Quad Cab 6'4"" Box"
1.56072E+13,CO,Dent Repair  Left Fender,Collision,2019,Chevrolet Silverado ,1500 LD 4WD Double Cab LT w/1LT
1.56072E+13,CO,Windshield replacement,Crack,2018,RAM ,"1500 SLT 4X2 Quad Cab 6'4"" Box"
1.65979E+13,CT,Brake line replacement,Corrosion,2016,RAM ,"1500 4WD Quad Cab 140.5"" SLT"
1.65979E+13,CT,Fule tank,Hole,2016,RAM ,"1500 4WD Quad Cab 140.5"" SLT"
1.65979E+13,CT,Wheel Arch,Rust,2016,RAM ,"1500 4WD Quad Cab 140.5"" SLT"
1.7619E+13,CT,Brake line replacement,Corrosion,2016,RAM ,"1500 4WD Quad Cab 140.5"" SLT"
1.7619E+13,CT,Cab corner panel,Rust,2016,RAM ,"1500 4WD Quad Cab 140.5"" SLT"
1.86707E+13,CT,Brake line replacement,Corrosion,2016,RAM ,"1500 4WD Quad Cab 140.5"" SLT"
1.86707E+13,CT,Fender replacement ,Rust,2016,RAM ,"1500 4WD Quad Cab 140.5"" SLT"
1.97528E+13,CT,Brake line replacement,Corrosion,2016,RAM ,"1500 4WD Quad Cab 140.5"" SLT"
1.97528E+13,CT,Shocks,Rust,2016,RAM ,"1500 4WD Quad Cab 140.5"" SLT"
1.97528E+13,CT,Struts,Rust,2016,RAM ,"1500 4WD Quad Cab 140.5"" SLT"
2.08655E+13,CT,Brake line replacement,Corrosion,2017,Chevrolet Silverado ,"1500 4WD Double Cab 143.5"" LT w/1LT"
2.08655E+13,CT,Fule tank,Corrosion,2017,Chevrolet Silverado ,"1500 4WD Double Cab 143.5"" LT w/1LT"
2.20086E+13,CT,Brake line replacement,Corrosion,2017,Chevrolet Silverado ,"1500 4WD Double Cab 143.5"" LT w/1LT"
2.20086E+13,CT,Rocker Panel,Rust,2017,Chevrolet Silverado ,"1500 4WD Double Cab 143.5"" LT w/1LT"
2.31821E+13,CT,Brake line replacement,Corrosion,2017,Chevrolet Silverado ,"1500 4WD Double Cab 143.5"" LT w/1LT"
2.43862E+13,CT,Brake line replacement,Corrosion,2017,Chevrolet Silverado ,"1500 4WD Double Cab 143.5"" LT w/1LT"
2.56208E+13,CT,Brake line replacement,Corrosion,2017,Chevrolet Silverado ,"1500 4WD Double Cab 143.5"" LT w/1LT"
2.68858E+13,CT,Brake line replacement,Corrosion,2017,Chevrolet Silverado ,"1500 4WD Double Cab 143.5"" LT w/1LT"
2.81813E+13,CT,Brake line replacement,Corrosion,2017,Chevrolet Silverado ,"1500 4WD Double Cab 143.5"" LT w/1LT"
2.95073E+13,CT,Dent Repair Rear,Collision,2018,RAM ,"1500 SLT 4X2 Quad Cab 6'4"" Box"
3.08638E+13,CT,Fule tank,Hole,2019,Chevrolet Silverado ,1500 LD 4WD Double Cab LT w/1LT
3.22508E+13,CT,Brake line replacement,Corrosion,2019,RAM ,"1500 Classic SLT 4X2 Crew Cab 6'4"" Box"
3.22508E+13,CT,Tire repair,Flat- reparable,2019,RAM ,"1500 Classic SLT 4X2 Crew Cab 6'4"" Box"
3.36682E+13,DC,Brake line replacement,Corrosion,2016,RAM ,"1500 4WD Quad Cab 140.5"" SLT"
3.36682E+13,DC,Fule tank,Corrosion,2016,RAM ,"1500 4WD Quad Cab 140.5"" SLT"
3.36682E+13,DC,Shocks,Rust,2016,RAM ,"1500 4WD Quad Cab 140.5"" SLT"
3.36682E+13,DC,Struts,Rust,2016,RAM ,"1500 4WD Quad Cab 140.5"" SLT"
3.36682E+13,DC,Tire replacement,Flat- hole not reparable,2016,RAM ,"1500 4WD Quad Cab 140.5"" SLT"
3.51161E+13,DC,Brake line replacement,Corrosion,2017,Chevrolet Silverado ,"1500 4WD Double Cab 143.5"" LT w/1LT"
3.51161E+13,DC,Cab corner panel,Rust,2017,Chevrolet Silverado ,"1500 4WD Double Cab 143.5"" LT w/1LT"
3.51161E+13,DC,Fule tank,Hole,2017,Chevrolet Silverado ,"1500 4WD Double Cab 143.5"" LT w/1LT"
3.65946E+13,DC,Brake line replacement,Corrosion,2017,Chevrolet Silverado ,"1500 4WD Double Cab 143.5"" LT w/1LT"
3.65946E+13,DC,Fender replacement ,Rust,2017,Chevrolet Silverado ,"1500 4WD Double Cab 143.5"" LT w/1LT"
3.65946E+13,DC,Rocker Panel,Rust,2017,Chevrolet Silverado ,"1500 4WD Double Cab 143.5"" LT w/1LT"
3.65946E+13,DC,Wheel Arch,Rust,2017,Chevrolet Silverado ,"1500 4WD Double Cab 143.5"" LT w/1LT"
3.81035E+13,DC,Brake line replacement,Corrosion,2017,Chevrolet Silverado ,"1500 4WD Double Cab 143.5"" LT w/1LT"
3.81035E+13,DC,Dent Repair Rear,Collision,2018,Chevrolet Silverado ,"1500 2WD Double Cab 143.5"" LT w/1LT"
3.96428E+13,DC,Brake line replacement,Corrosion,2017,Chevrolet Silverado ,"1500 4WD Double Cab 143.5"" LT w/1LT"
4.12127E+13,DC,Brake line replacement,Corrosion,2017,Chevrolet Silverado ,"1500 4WD Double Cab 143.5"" LT w/1LT"
4.2813E+13,DC,Brake line replacement,Corrosion,2017,Chevrolet Silverado ,"1500 4WD Double Cab 143.5"" LT w/1LT"
4.44439E+13,DC,Brake line replacement,Corrosion,2017,Chevrolet Silverado ,"1500 4WD Double Cab 143.5"" LT w/1LT"
4.61052E+13,DC,Brake line replacement,Corrosion,2017,Chevrolet Silverado ,"1500 4WD Double Cab 143.5"" LT w/1LT"
4.7797E+13,DC,Brake line replacement,Corrosion,2017,Chevrolet Silverado ,"1500 4WD Double Cab 143.5"" LT w/1LT"
4.95193E+13,DC,Wheel Arch,Rust,2018,RAM ,"1500 SLT 4X2 Quad Cab 6'4"" Box"
5.1272E+13,DC,Tire replacement,Flat- hole not reparable,2019,Chevrolet Silverado ,1500 LD 4WD Double Cab LT w/1LT
5.30553E+13,DE,Brake line replacement,Corrosion,2016,RAM ,"1500 4WD Quad Cab 140.5"" SLT"
5.30553E+13,DE,Dent Repair  Left Fender,Collision,2016,RAM ,"1500 4WD Quad Cab 140.5"" SLT"
5.4869E+13,DE,Brake line replacement,Corrosion,2016,RAM ,"1500 4WD Quad Cab 140.5"" SLT"
5.4869E+13,DE,Rocker Panel,Rust,2016,RAM ,"1500 4WD Quad Cab 140.5"" SLT"
5.67132E+13,DE,Brake line replacement,Corrosion,2016,RAM ,"1500 4WD Quad Cab 140.5"" SLT"
5.67132E+13,DE,Fender replacement ,Rust,2016,RAM ,"1500 4WD Quad Cab 140.5"" SLT"
5.67132E+13,DE,Shocks,Rust,2016,RAM ,"1500 4WD Quad Cab 140.5"" SLT"
5.67132E+13,DE,Struts,Rust,2016,RAM ,"1500 4WD Quad Cab 140.5"" SLT"
5.67132E+13,DE,Wheel Arch,Rust,2016,RAM ,"1500 4WD Quad Cab 140.5"" SLT"
5.85879E+13,DE,Cab corner panel,Rust,2016,RAM ,"1500 4WD Quad Cab 140.5"" SLT"
5.85879E+13,DE,Dent Repair  Left Fender,Collision,2017,Chevrolet Silverado ,"1500 4WD Double Cab 143.5"" LT w/1LT"
6.04931E+13,DE,Brake line replacement,Corrosion,2017,Chevrolet Silverado ,"1500 4WD Double Cab 143.5"" LT w/1LT"
6.04931E+13,DE,Fule tank,Corrosion,2017,Chevrolet Silverado ,"1500 4WD Double Cab 143.5"" LT w/1LT"
6.24287E+13,DE,Brake line replacement,Corrosion,2017,Chevrolet Silverado ,"1500 4WD Double Cab 143.5"" LT w/1LT"
6.24287E+13,DE,Fule tank,Corrosion,2017,Chevrolet Silverado ,"1500 4WD Double Cab 143.5"" LT w/1LT"
6.43948E+13,DE,Brake line replacement,Corrosion,2017,Chevrolet Silverado ,"1500 4WD Double Cab 143.5"" LT w/1LT"
6.43948E+13,DE,Fule tank,Corrosion,2017,Chevrolet Silverado ,"1500 4WD Double Cab 143.5"" LT w/1LT"
6.63915E+13,DE,Fule tank,Corrosion,2017,Chevrolet Silverado ,"1500 4WD Double Cab 143.5"" LT w/1LT"
6.84186E+13,DE,Fule tank,Corrosion,2017,Chevrolet Silverado ,"1500 4WD Double Cab 143.5"" LT w/1LT"
7.04762E+13,DE,Fule tank,Hole,2018,RAM ,"1500 SLT 4X2 Quad Cab 6'4"" Box"
7.25642E+13,DE,Tire repair,Flat- reparable,2019,Chevrolet Silverado ,1500 LD 4WD Double Cab LT w/1LT
7.46828E+13,FL,Battery replacement,Dead battery,2016,RAM ,"1500 4WD Quad Cab 140.5"" SLT"
7.68318E+13,FL,Fender replacement ,Rust,2016,RAM ,"1500 4WD Quad Cab 140.5"" SLT"
7.68318E+13,FL,Tire repair,Flat- reparable,2016,RAM ,"1500 4WD Quad Cab 140.5"" SLT"
7.90113E+13,FL,Battery replacement,Dead battery,2017,Chevrolet Silverado ,"1500 4WD Double Cab 143.5"" LT w/1LT"
7.90113E+13,FL,Tire repair,Flat- reparable,2017,Chevrolet Silverado ,"1500 4WD Double Cab 143.5"" LT w/1LT"
7.90113E+13,FL,Tire replacement,Flat- hole not reparable,2017,Chevrolet Silverado ,"1500 4WD Double Cab 143.5"" LT w/1LT"
8.12213E+13,FL,Tire repair,Flat- reparable,2018,Chevrolet Silverado ,"1500 2WD Double Cab 143.5"" LT w/1LT"
8.12213E+13,FL,Tire replacement,Flat- hole not reparable,2018,Chevrolet Silverado ,"1500 2WD Double Cab 143.5"" LT w/1LT"
8.34618E+13,FL,Dent Repair  Left Fender,Collision,2018,RAM ,"1500 SLT 4X2 Quad Cab 6'4"" Box"
8.34618E+13,FL,Tire repair,Flat- reparable,2018,RAM ,"1500 SLT 4X2 Quad Cab 6'4"" Box"
8.34618E+13,FL,Tire replacement,Flat- hole not reparable,2018,RAM ,"1500 SLT 4X2 Quad Cab 6'4"" Box"
8.34618E+13,FL,Wheel Arch,Rust,2018,RAM ,"1500 SLT 4X2 Quad Cab 6'4"" Box"
8.57328E+13,FL,Tire repair,Flat- reparable,2019,RAM ,"1500 Classic SLT 4X2 Crew Cab 6'4"" Box"
8.80342E+13,GA,Battery replacement,Dead battery,2016,RAM ,"1500 4WD Quad Cab 140.5"" SLT"
9.03662E+13,GA,Windshield replacement,Crack,2018,Chevrolet Silverado ,"1500 2WD Double Cab 143.5"" LT w/1LT"
9.27286E+13,GA,Tire replacement,Flat- hole not reparable,2019,Chevrolet Silverado ,1500 LD 4WD Double Cab LT w/1LT
9.51215E+13,GA,Tire replacement,Flat- hole not reparable,2019,RAM ,"1500 Classic SLT 4X2 Crew Cab 6'4"" Box"
9.51215E+13,GA,Windshield replacement,Crack,2019,RAM ,"1500 Classic SLT 4X2 Crew Cab 6'4"" Box"
9.75449E+13,IA,Cab corner panel,Rust,2016,RAM ,"1500 4WD Quad Cab 140.5"" SLT"
9.75449E+13,IA,Fender replacement ,Rust,2016,RAM ,"1500 4WD Quad Cab 140.5"" SLT"
9.75449E+13,IA,Shocks,Rust,2016,RAM ,"1500 4WD Quad Cab 140.5"" SLT"
9.75449E+13,IA,Struts,Rust,2016,RAM ,"1500 4WD Quad Cab 140.5"" SLT"
9.75449E+13,IA,Tire repair,Flat- reparable,2016,RAM ,"1500 4WD Quad Cab 140.5"" SLT"
9.99987E+13,IA,Struts,Rust,2016,RAM ,"1500 4WD Quad Cab 140.5"" SLT"
9.99987E+13,IA,Wheel Arch,Rust,2016,RAM ,"1500 4WD Quad Cab 140.5"" SLT"
1.02483E+14,IA,Battery replacement,Dead battery,2017,Chevrolet Silverado ,"1500 4WD Double Cab 143.5"" LT w/1LT"
1.02483E+14,IA,Brake line replacement,Corrosion,2017,Chevrolet Silverado ,"1500 4WD Double Cab 143.5"" LT w/1LT"
1.02483E+14,IA,Fule tank,Corrosion,2017,Chevrolet Silverado ,"1500 4WD Double Cab 143.5"" LT w/1LT"
1.04998E+14,IA,Brake line replacement,Corrosion,2017,Chevrolet Silverado ,"1500 4WD Double Cab 143.5"" LT w/1LT"
1.04998E+14,IA,Cab corner panel,Rust,2017,Chevrolet Silverado ,"1500 4WD Double Cab 143.5"" LT w/1LT"
1.04998E+14,IA,Fender replacement ,Rust,2017,Chevrolet Silverado ,"1500 4WD Double Cab 143.5"" LT w/1LT"
1.04998E+14,IA,Fule tank,Corrosion,2017,Chevrolet Silverado ,"1500 4WD Double Cab 143.5"" LT w/1LT"
1.04998E+14,IA,Rocker Panel,Rust,2017,Chevrolet Silverado ,"1500 4WD Double Cab 143.5"" LT w/1LT"
1.07543E+14,IA,Fule tank,Corrosion,2017,Chevrolet Silverado ,"1500 4WD Double Cab 143.5"" LT w/1LT"
1.07543E+14,IA,Rocker Panel,Rust,2017,Chevrolet Silverado ,"1500 4WD Double Cab 143.5"" LT w/1LT"
1.07543E+14,IA,Wheel Arch,Rust,2017,Chevrolet Silverado ,"1500 4WD Double Cab 143.5"" LT w/1LT"
1.10119E+14,IA,Fule tank,Corrosion,2017,Chevrolet Silverado ,"1500 4WD Double Cab 143.5"" LT w/1LT"
1.12725E+14,IA,Fule tank,Corrosion,2017,Chevrolet Silverado ,"1500 4WD Double Cab 143.5"" LT w/1LT"
1.12725E+14,IA,Transmission,slips in and out of gear,2018,RAM ,"1500 SLT 4X2 Quad Cab 6'4"" Box"
1.15362E+14,IA,Fule tank,Corrosion,2017,Chevrolet Silverado ,"1500 4WD Double Cab 143.5"" LT w/1LT"
1.18029E+14,IA,Fule tank,Corrosion,2017,Chevrolet Silverado ,"1500 4WD Double Cab 143.5"" LT w/1LT"
1.18029E+14,IA,Fule tank,Hole,2019,RAM ,"1500 Classic SLT 4X2 Crew Cab 6'4"" Box"
1.18029E+14,IA,Tire replacement,Flat- hole not reparable,2019,RAM ,"1500 Classic SLT 4X2 Crew Cab 6'4"" Box"
1.20727E+14,ID,Battery replacement,Dead battery,2016,RAM ,"1500 4WD Quad Cab 140.5"" SLT"
1.20727E+14,ID,Windshield replacement,Crack,2016,RAM ,"1500 4WD Quad Cab 140.5"" SLT"
1.23455E+14,IA,Fule tank,Corrosion,2017,Chevrolet Silverado ,"1500 4WD Double Cab 143.5"" LT w/1LT"
1.23455E+14,ID,Tire repair,Flat- reparable,2017,Chevrolet Silverado ,"1500 4WD Double Cab 143.5"" LT w/1LT"
1.26214E+14,IA,Fule tank,Corrosion,2017,Chevrolet Silverado ,"1500 4WD Double Cab 143.5"" LT w/1LT"
1.29003E+14,ID,Dent Repair Rear,Collision,2019,RAM ,"1500 Classic SLT 4X2 Crew Cab 6'4"" Box"
1.29003E+14,IA,Fule tank,Corrosion,2017,Chevrolet Silverado ,"1500 4WD Double Cab 143.5"" LT w/1LT"
1.29003E+14,ID,Tire replacement,Flat- hole not reparable,2019,Chevrolet Silverado ,1500 LD 4WD Double Cab LT w/1LT
1.29003E+14,ID,Windshield replacement,Crack,2019,Chevrolet Silverado ,1500 LD 4WD Double Cab LT w/1LT
1.31823E+14,IL,Cab corner panel,Rust,2016,RAM ,"1500 4WD Quad Cab 140.5"" SLT"
1.31823E+14,IL,Fule tank,Corrosion,2016,RAM ,"1500 4WD Quad Cab 140.5"" SLT"
1.31823E+14,IL,Fule tank,Hole,2016,RAM ,"1500 4WD Quad Cab 140.5"" SLT"
1.31823E+14,IL,Shocks,Rust,2016,RAM ,"1500 4WD Quad Cab 140.5"" SLT"
1.31823E+14,IL,Struts,Rust,2016,RAM ,"1500 4WD Quad Cab 140.5"" SLT"
1.31823E+14,IL,Wheel Arch,Rust,2016,RAM ,"1500 4WD Quad Cab 140.5"" SLT"
1.34673E+14,IL,Fender replacement ,Rust,2016,RAM ,"1500 4WD Quad Cab 140.5"" SLT"
1.34673E+14,IL,Fule tank,Corrosion,2016,RAM ,"1500 4WD Quad Cab 140.5"" SLT"
1.34673E+14,IL,Rocker Panel,Rust,2016,RAM ,"1500 4WD Quad Cab 140.5"" SLT"
1.34673E+14,IL,Struts,Rust,2016,RAM ,"1500 4WD Quad Cab 140.5"" SLT"
1.34673E+14,IL,Struts,Rust,2016,RAM ,"1500 4WD Quad Cab 140.5"" SLT"
1.37553E+14,IL,Fule tank,Corrosion,2016,RAM ,"1500 4WD Quad Cab 140.5"" SLT"
1.40465E+14,IL,Fule tank,Corrosion,2016,RAM ,"1500 4WD Quad Cab 140.5"" SLT"
1.43406E+14,IL,Fule tank,Corrosion,2016,RAM ,"1500 4WD Quad Cab 140.5"" SLT"
1.46378E+14,IL,Fule tank,Corrosion,2016,RAM ,"1500 4WD Quad Cab 140.5"" SLT"
1.49381E+14,IL,Fule tank,Corrosion,2016,RAM ,"1500 4WD Quad Cab 140.5"" SLT"
1.52414E+14,IL,Fule tank,Corrosion,2016,RAM ,"1500 4WD Quad Cab 140.5"" SLT"
1.55477E+14,IL,Brake line replacement,Corrosion,2017,Chevrolet Silverado ,"1500 4WD Double Cab 143.5"" LT w/1LT"
1.55477E+14,IL,Cab corner panel,Rust,2017,Chevrolet Silverado ,"1500 4WD Double Cab 143.5"" LT w/1LT"
1.55477E+14,IL,Fule tank,Corrosion,2017,Chevrolet Silverado ,"1500 4WD Double Cab 143.5"" LT w/1LT"
1.55477E+14,IL,Rocker Panel,Rust,2017,Chevrolet Silverado ,"1500 4WD Double Cab 143.5"" LT w/1LT"
1.58571E+14,IL,Brake line replacement,Corrosion,2017,Chevrolet Silverado ,"1500 4WD Double Cab 143.5"" LT w/1LT"
1.58571E+14,IL,Cab corner panel,Rust,2017,Chevrolet Silverado ,"1500 4WD Double Cab 143.5"" LT w/1LT"
1.58571E+14,IL,Fender replacement ,Rust,2017,Chevrolet Silverado ,"1500 4WD Double Cab 143.5"" LT w/1LT"
1.58571E+14,IL,Fule tank,Hole,2017,Chevrolet Silverado ,"1500 4WD Double Cab 143.5"" LT w/1LT"
1.61696E+14,IL,Battery replacement,Dead battery,2017,Chevrolet Silverado ,"1500 4WD Double Cab 143.5"" LT w/1LT"
1.61696E+14,IL,Rocker Panel,Rust,2017,Chevrolet Silverado ,"1500 4WD Double Cab 143.5"" LT w/1LT"
1.61696E+14,IL,Windshield replacement,Crack,2017,Chevrolet Silverado ,"1500 4WD Double Cab 143.5"" LT w/1LT"
1.64851E+14,IL,Dent Repair  Left Fender,Collision,2018,Chevrolet Silverado ,"1500 2WD Double Cab 143.5"" LT w/1LT"
1.68036E+14,IL,Wheel Arch,Rust,2018,RAM ,"1500 SLT 4X2 Quad Cab 6'4"" Box"
1.68036E+14,IL,Windshield replacement,Crack,2018,RAM ,"1500 SLT 4X2 Quad Cab 6'4"" Box"
1.71252E+14,IL,Fule tank,Hole,2019,Chevrolet Silverado ,1500 LD 4WD Double Cab LT w/1LT
1.74499E+14,IL,Dent Repair  Left Fender,Collision,2019,RAM ,"1500 Classic SLT 4X2 Crew Cab 6'4"" Box"
1.74499E+14,IL,Tire replacement,Flat- hole not reparable,2019,RAM ,"1500 Classic SLT 4X2 Crew Cab 6'4"" Box"
1.77776E+14,IN,Battery replacement,Dead battery,2016,RAM ,"1500 4WD Quad Cab 140.5"" SLT"
1.77776E+14,IN,Fule tank,Hole,2016,RAM ,"1500 4WD Quad Cab 140.5"" SLT"
1.81083E+14,IN,Cab corner panel,Rust,2016,RAM ,"1500 4WD Quad Cab 140.5"" SLT"
1.81083E+14,IN,Fule tank,Hole,2016,RAM ,"1500 4WD Quad Cab 140.5"" SLT"
1.81083E+14,IN,Shocks,Rust,2016,RAM ,"1500 4WD Quad Cab 140.5"" SLT"
1.84421E+14,IN,Fender replacement ,Rust,2016,RAM ,"1500 4WD Quad Cab 140.5"" SLT"
1.84421E+14,IN,Fule tank,Hole,2016,RAM ,"1500 4WD Quad Cab 140.5"" SLT"
1.84421E+14,IN,Rocker Panel,Rust,2016,RAM ,"1500 4WD Quad Cab 140.5"" SLT"
1.84421E+14,IN,Shocks,Rust,2016,RAM ,"1500 4WD Quad Cab 140.5"" SLT"
1.84421E+14,IN,Struts,Rust,2016,RAM ,"1500 4WD Quad Cab 140.5"" SLT"
1.87789E+14,IN,Fule tank,Hole,2016,RAM ,"1500 4WD Quad Cab 140.5"" SLT"
1.91188E+14,IN,Fule tank,Hole,2016,RAM ,"1500 4WD Quad Cab 140.5"" SLT"
1.94617E+14,IN,Brake line replacement,Corrosion,2017,Chevrolet Silverado ,"1500 4WD Double Cab 143.5"" LT w/1LT"
1.94617E+14,IN,Fule tank,Corrosion,2017,Chevrolet Silverado ,"1500 4WD Double Cab 143.5"" LT w/1LT"
1.98077E+14,IN,Battery replacement,Dead battery,2017,Chevrolet Silverado ,"1500 4WD Double Cab 143.5"" LT w/1LT"
2.01567E+14,IN,Fule tank,Hole,2017,Chevrolet Silverado ,"1500 4WD Double Cab 143.5"" LT w/1LT"
2.05088E+14,IN,Fule tank,Hole,2017,Chevrolet Silverado ,"1500 4WD Double Cab 143.5"" LT w/1LT"
2.08639E+14,IN,Fule tank,Hole,2017,Chevrolet Silverado ,"1500 4WD Double Cab 143.5"" LT w/1LT"
2.08639E+14,IN,Wheel Arch,Rust,2017,Chevrolet Silverado ,"1500 4WD Double Cab 143.5"" LT w/1LT"
2.12221E+14,IN,Fule tank,Hole,2017,Chevrolet Silverado ,"1500 4WD Double Cab 143.5"" LT w/1LT"
2.15833E+14,IN,Dent Repair Rear,Collision,2018,Chevrolet Silverado ,"1500 2WD Double Cab 143.5"" LT w/1LT"
2.19476E+14,IN,Dent Repair Rear,Collision,2018,RAM ,"1500 SLT 4X2 Quad Cab 6'4"" Box"
2.19476E+14,IN,Fule tank,Hole,2018,RAM ,"1500 SLT 4X2 Quad Cab 6'4"" Box"
2.19476E+14,IN,Tire repair,Flat- reparable,2018,RAM ,"1500 SLT 4X2 Quad Cab 6'4"" Box"
2.23149E+14,IN,Dent Repair  Left Fender,Collision,2019,Chevrolet Silverado ,1500 LD 4WD Double Cab LT w/1LT
2.26853E+14,KS,Battery replacement,Dead battery,2016,RAM ,"1500 4WD Quad Cab 140.5"" SLT"
2.26853E+14,KS,Dent Repair  Left Fender,Collision,2016,RAM ,"1500 4WD Quad Cab 140.5"" SLT"
2.26853E+14,KS,Tire replacement,Flat- hole not reparable,2016,RAM ,"1500 4WD Quad Cab 140.5"" SLT"
2.30587E+14,KS,Battery replacement,Dead battery,2016,RAM ,"1500 4WD Quad Cab 140.5"" SLT"
2.34352E+14,KS,Battery replacement,Dead battery,2016,RAM ,"1500 4WD Quad Cab 140.5"" SLT"
2.38147E+14,KS,Battery replacement,Dead battery,2017,Chevrolet Silverado ,"1500 4WD Double Cab 143.5"" LT w/1LT"
2.38147E+14,KS,Tire replacement,Flat- hole not reparable,2017,Chevrolet Silverado ,"1500 4WD Double Cab 143.5"" LT w/1LT"
2.41972E+14,KS,Windshield replacement,Crack,2018,Chevrolet Silverado ,"1500 2WD Double Cab 143.5"" LT w/1LT"
2.45828E+14,KS,Tire replacement,Flat- hole not reparable,2019,Chevrolet Silverado ,1500 LD 4WD Double Cab LT w/1LT
2.45828E+14,KS,Windshield replacement,Crack,2019,Chevrolet Silverado ,1500 LD 4WD Double Cab LT w/1LT
2.49715E+14,KS,Windshield replacement,Crack,2019,RAM ,"1500 Classic SLT 4X2 Crew Cab 6'4"" Box"
2.53632E+14,KY,Windshield replacement,Crack,2016,RAM ,"1500 4WD Quad Cab 140.5"" SLT"
2.57579E+14,KY,Battery replacement,Dead battery,2017,Chevrolet Silverado ,"1500 4WD Double Cab 143.5"" LT w/1LT"
2.57579E+14,KY,Dent Repair  Left Fender,Collision,2017,Chevrolet Silverado ,"1500 4WD Double Cab 143.5"" LT w/1LT"
2.57579E+14,KY,Transmission,slips in and out of gear,2017,Chevrolet Silverado ,"1500 4WD Double Cab 143.5"" LT w/1LT"
2.61557E+14,KY,Tire replacement,Flat- hole not reparable,2018,RAM ,"1500 SLT 4X2 Quad Cab 6'4"" Box"
2.65566E+14,LA,Battery replacement,Dead battery,2016,RAM ,"1500 4WD Quad Cab 140.5"" SLT"
2.69605E+14,LA,Battery replacement,Dead battery,2016,RAM ,"1500 4WD Quad Cab 140.5"" SLT"
2.73674E+14,LA,Battery replacement,Dead battery,2016,RAM ,"1500 4WD Quad Cab 140.5"" SLT"
2.77774E+14,LA,Battery replacement,Dead battery,2016,RAM ,"1500 4WD Quad Cab 140.5"" SLT"
2.81905E+14,LA,Battery replacement,Dead battery,2017,Chevrolet Silverado ,"1500 4WD Double Cab 143.5"" LT w/1LT"
2.81905E+14,LA,Transmission,slips in and out of gear,2017,Chevrolet Silverado ,"1500 4WD Double Cab 143.5"" LT w/1LT"
2.81905E+14,LA,Windshield replacement,Crack,2017,Chevrolet Silverado ,"1500 4WD Double Cab 143.5"" LT w/1LT"
2.86066E+14,LA,Battery replacement,Dead battery,2017,Chevrolet Silverado ,"1500 4WD Double Cab 143.5"" LT w/1LT"
2.90257E+14,LA,Tire repair,Flat- reparable,2018,Chevrolet Silverado ,"1500 2WD Double Cab 143.5"" LT w/1LT"
2.90257E+14,LA,Tire replacement,Flat- hole not reparable,2018,Chevrolet Silverado ,"1500 2WD Double Cab 143.5"" LT w/1LT"
2.94479E+14,LA,Dent Repair  Left Fender,Collision,2018,RAM ,"1500 SLT 4X2 Quad Cab 6'4"" Box"
2.98731E+14,LA,Tire repair,Flat- reparable,2019,Chevrolet Silverado ,1500 LD 4WD Double Cab LT w/1LT
3.03014E+14,LA,Tire repair,Flat- reparable,2019,RAM ,"1500 Classic SLT 4X2 Crew Cab 6'4"" Box"
3.03014E+14,LA,Tire replacement,Flat- hole not reparable,2019,RAM ,"1500 Classic SLT 4X2 Crew Cab 6'4"" Box"
3.07327E+14,MA,Fule tank,Corrosion,2016,RAM ,"1500 4WD Quad Cab 140.5"" SLT"
3.11671E+14,MA,Fule tank,Hole,2016,RAM ,"1500 4WD Quad Cab 140.5"" SLT"
3.16045E+14,MA,Fule tank,Hole,2016,RAM ,"1500 4WD Quad Cab 140.5"" SLT"
3.16045E+14,MA,Shocks,Rust,2016,RAM ,"1500 4WD Quad Cab 140.5"" SLT"
3.16045E+14,MA,Struts,Rust,2016,RAM ,"1500 4WD Quad Cab 140.5"" SLT"
3.2045E+14,MA,Fule tank,Hole,2016,RAM ,"1500 4WD Quad Cab 140.5"" SLT"
3.24885E+14,MA,Fule tank,Hole,2016,RAM ,"1500 4WD Quad Cab 140.5"" SLT"
3.29351E+14,MA,Brake line replacement,Corrosion,2017,Chevrolet Silverado ,"1500 4WD Double Cab 143.5"" LT w/1LT"
3.29351E+14,MA,Fule tank,Hole,2017,Chevrolet Silverado ,"1500 4WD Double Cab 143.5"" LT w/1LT"
3.33847E+14,MA,Battery replacement,Dead battery,2017,Chevrolet Silverado ,"1500 4WD Double Cab 143.5"" LT w/1LT"
3.33847E+14,MA,Fule tank,Hole,2017,Chevrolet Silverado ,"1500 4WD Double Cab 143.5"" LT w/1LT"
3.33847E+14,MA,Transmission,slips in and out of gear,2017,Chevrolet Silverado ,"1500 4WD Double Cab 143.5"" LT w/1LT"
3.38374E+14,MA,Fule tank,Hole,2017,Chevrolet Silverado ,"1500 4WD Double Cab 143.5"" LT w/1LT"
3.42931E+14,MA,Fule tank,Hole,2017,Chevrolet Silverado ,"1500 4WD Double Cab 143.5"" LT w/1LT"
3.42931E+14,MA,Rocker Panel,Rust,2017,Chevrolet Silverado ,"1500 4WD Double Cab 143.5"" LT w/1LT"
3.47519E+14,MA,Fender replacement ,Rust,2017,Chevrolet Silverado ,"1500 4WD Double Cab 143.5"" LT w/1LT"
3.47519E+14,MA,Fule tank,Hole,2017,Chevrolet Silverado ,"1500 4WD Double Cab 143.5"" LT w/1LT"
3.47519E+14,MA,Rocker Panel,Rust,2017,Chevrolet Silverado ,"1500 4WD Double Cab 143.5"" LT w/1LT"
3.52137E+14,MA,Cab corner panel,Rust,2017,Chevrolet Silverado ,"1500 4WD Double Cab 143.5"" LT w/1LT"
3.52137E+14,MA,Fule tank,Hole,2017,Chevrolet Silverado ,"1500 4WD Double Cab 143.5"" LT w/1LT"
3.56786E+14,MA,Tire repair,Flat- reparable,2018,Chevrolet Silverado ,"1500 2WD Double Cab 143.5"" LT w/1LT"
3.61465E+14,MA,Wheel Arch,Rust,2018,RAM ,"1500 SLT 4X2 Quad Cab 6'4"" Box"
3.66174E+14,MD,Fender replacement ,Rust,2016,RAM ,"1500 4WD Quad Cab 140.5"" SLT"
3.66174E+14,MD,Fule tank,Hole,2016,RAM ,"1500 4WD Quad Cab 140.5"" SLT"
3.66174E+14,MD,Shocks,Rust,2016,RAM ,"1500 4WD Quad Cab 140.5"" SLT"
3.66174E+14,MD,Struts,Rust,2016,RAM ,"1500 4WD Quad Cab 140.5"" SLT"
3.70914E+14,MD,Fule tank,Hole,2016,RAM ,"1500 4WD Quad Cab 140.5"" SLT"
3.70914E+14,MD,Rocker Panel,Rust,2016,RAM ,"1500 4WD Quad Cab 140.5"" SLT"
3.70914E+14,MD,Wheel Arch,Rust,2016,RAM ,"1500 4WD Quad Cab 140.5"" SLT"
3.75685E+14,MD,Brake line replacement,Corrosion,2017,Chevrolet Silverado ,"1500 4WD Double Cab 143.5"" LT w/1LT"
3.75685E+14,MD,Cab corner panel,Rust,2017,Chevrolet Silverado ,"1500 4WD Double Cab 143.5"" LT w/1LT"
3.75685E+14,MD,Fender replacement ,Rust,2017,Chevrolet Silverado ,"1500 4WD Double Cab 143.5"" LT w/1LT"
3.75685E+14,MD,Fule tank,Corrosion,2017,Chevrolet Silverado ,"1500 4WD Double Cab 143.5"" LT w/1LT"
3.80486E+14,MD,Fender replacement ,Rust,2017,Chevrolet Silverado ,"1500 4WD Double Cab 143.5"" LT w/1LT"
3.80486E+14,MD,Fule tank,Hole,2017,Chevrolet Silverado ,"1500 4WD Double Cab 143.5"" LT w/1LT"
3.80486E+14,MD,Fule tank,Hole,2017,Chevrolet Silverado ,"1500 4WD Double Cab 143.5"" LT w/1LT"
3.85317E+14,MD,Fender replacement ,Rust,2017,Chevrolet Silverado ,"1500 4WD Double Cab 143.5"" LT w/1LT"
3.90179E+14,MD,Fender replacement ,Rust,2017,Chevrolet Silverado ,"1500 4WD Double Cab 143.5"" LT w/1LT"
3.95072E+14,MD,Fender replacement ,Rust,2017,Chevrolet Silverado ,"1500 4WD Double Cab 143.5"" LT w/1LT"
3.99995E+14,MD,Fender replacement ,Rust,2017,Chevrolet Silverado ,"1500 4WD Double Cab 143.5"" LT w/1LT"
3.99995E+14,MD,Fender replacement ,Rust,2017,Chevrolet Silverado ,"1500 4WD Double Cab 143.5"" LT w/1LT"
4.04948E+14,MD,Windshield replacement,Crack,2018,RAM ,"1500 SLT 4X2 Quad Cab 6'4"" Box"
4.09932E+14,MD,Tire replacement,Flat- hole not reparable,2019,Chevrolet Silverado ,1500 LD 4WD Double Cab LT w/1LT
4.14947E+14,MD,Dent Repair Rear,Collision,2019,RAM ,"1500 Classic SLT 4X2 Crew Cab 6'4"" Box"
4.19992E+14,ME,Fender replacement ,Rust,2016,RAM ,"1500 4WD Quad Cab 140.5"" SLT"
4.19992E+14,ME,Fule tank,Corrosion,2016,RAM ,"1500 4WD Quad Cab 140.5"" SLT"
4.19992E+14,ME,Shocks,Rust,2016,RAM ,"1500 4WD Quad Cab 140.5"" SLT"
4.19992E+14,ME,Struts,Rust,2016,RAM ,"1500 4WD Quad Cab 140.5"" SLT"
4.25067E+14,ME,Fender replacement ,Rust,2016,RAM ,"1500 4WD Quad Cab 140.5"" SLT"
4.30173E+14,ME,Fender replacement ,Rust,2016,RAM ,"1500 4WD Quad Cab 140.5"" SLT"
4.35309E+14,ME,Brake line replacement,Corrosion,2017,Chevrolet Silverado ,"1500 4WD Double Cab 143.5"" LT w/1LT"
4.35309E+14,ME,Cab corner panel,Rust,2017,Chevrolet Silverado ,"1500 4WD Double Cab 143.5"" LT w/1LT"
4.35309E+14,ME,Fender replacement ,Rust,2017,Chevrolet Silverado ,"1500 4WD Double Cab 143.5"" LT w/1LT"
4.35309E+14,ME,Fule tank,Hole,2017,Chevrolet Silverado ,"1500 4WD Double Cab 143.5"" LT w/1LT"
4.35309E+14,ME,Transmission,slips in and out of gear,2017,Chevrolet Silverado ,"1500 4WD Double Cab 143.5"" LT w/1LT"
4.40476E+14,ME,Fender replacement ,Rust,2017,Chevrolet Silverado ,"1500 4WD Double Cab 143.5"" LT w/1LT"
4.45673E+14,ME,Fender replacement ,Rust,2017,Chevrolet Silverado ,"1500 4WD Double Cab 143.5"" LT w/1LT"
4.50901E+14,ME,Fender replacement ,Rust,2017,Chevrolet Silverado ,"1500 4WD Double Cab 143.5"" LT w/1LT"
4.56159E+14,ME,Fender replacement ,Rust,2017,Chevrolet Silverado ,"1500 4WD Double Cab 143.5"" LT w/1LT"
4.61448E+14,ME,Fender replacement ,Rust,2017,Chevrolet Silverado ,"1500 4WD Double Cab 143.5"" LT w/1LT"
4.61448E+14,ME,Rocker Panel,Rust,2017,Chevrolet Silverado ,"1500 4WD Double Cab 143.5"" LT w/1LT"
4.61448E+14,ME,Wheel Arch,Rust,2017,Chevrolet Silverado ,"1500 4WD Double Cab 143.5"" LT w/1LT"
4.66767E+14,ME,Fender replacement ,Rust,2017,Chevrolet Silverado ,"1500 4WD Double Cab 143.5"" LT w/1LT"
4.66767E+14,ME,Rocker Panel,Rust,2017,Chevrolet Silverado ,"1500 4WD Double Cab 143.5"" LT w/1LT"
4.72117E+14,ME,Dent Repair  Left Fender,Collision,2018,Chevrolet Silverado ,"1500 2WD Double Cab 143.5"" LT w/1LT"
4.72117E+14,ME,Windshield replacement,Crack,2018,Chevrolet Silverado ,"1500 2WD Double Cab 143.5"" LT w/1LT"
4.77497E+14,MI,Battery replacement,Dead battery,2016,RAM ,"1500 4WD Quad Cab 140.5"" SLT"
4.77497E+14,MI,Fule tank,Hole,2016,RAM ,"1500 4WD Quad Cab 140.5"" SLT"
4.77497E+14,MI,Rocker Panel,Rust,2016,RAM ,"1500 4WD Quad Cab 140.5"" SLT"
4.77497E+14,MI,Shocks,Rust,2016,RAM ,"1500 4WD Quad Cab 140.5"" SLT"
4.77497E+14,MI,Struts,Rust,2016,RAM ,"1500 4WD Quad Cab 140.5"" SLT"
4.77497E+14,MI,Tire replacement,Flat- hole not reparable,2016,RAM ,"1500 4WD Quad Cab 140.5"" SLT"
4.82908E+14,MI,Struts,Rust,2016,RAM ,"1500 4WD Quad Cab 140.5"" SLT"
4.88349E+14,MI,Brake line replacement,Corrosion,2017,Chevrolet Silverado ,"1500 4WD Double Cab 143.5"" LT w/1LT"
4.88349E+14,MI,Cab corner panel,Rust,2017,Chevrolet Silverado ,"1500 4WD Double Cab 143.5"" LT w/1LT"
4.88349E+14,MI,Fender replacement ,Rust,2017,Chevrolet Silverado ,"1500 4WD Double Cab 143.5"" LT w/1LT"
4.88349E+14,MI,Fule tank,Corrosion,2017,Chevrolet Silverado ,"1500 4WD Double Cab 143.5"" LT w/1LT"
4.88349E+14,MI,Tire replacement,Flat- hole not reparable,2017,Chevrolet Silverado ,"1500 4WD Double Cab 143.5"" LT w/1LT"
4.88349E+14,MI,Transmission,slips in and out of gear,2017,Chevrolet Silverado ,"1500 4WD Double Cab 143.5"" LT w/1LT"
4.93821E+14,MI,Brake line replacement,Corrosion,2017,Chevrolet Silverado ,"1500 4WD Double Cab 143.5"" LT w/1LT"
4.93821E+14,MI,Fender replacement ,Rust,2017,Chevrolet Silverado ,"1500 4WD Double Cab 143.5"" LT w/1LT"
4.93821E+14,MI,Fule tank,Corrosion,2017,Chevrolet Silverado ,"1500 4WD Double Cab 143.5"" LT w/1LT"
4.99323E+14,MI,Fender replacement ,Rust,2017,Chevrolet Silverado ,"1500 4WD Double Cab 143.5"" LT w/1LT"
5.04856E+14,MI,Fender replacement ,Rust,2017,Chevrolet Silverado ,"1500 4WD Double Cab 143.5"" LT w/1LT"
5.10419E+14,MI,Fender replacement ,Rust,2017,Chevrolet Silverado ,"1500 4WD Double Cab 143.5"" LT w/1LT"
5.16012E+14,MI,Fender replacement ,Rust,2017,Chevrolet Silverado ,"1500 4WD Double Cab 143.5"" LT w/1LT"
5.21636E+14,MI,Fender replacement ,Rust,2017,Chevrolet Silverado ,"1500 4WD Double Cab 143.5"" LT w/1LT"
5.21636E+14,MI,Fender replacement ,Rust,2017,Chevrolet Silverado ,"1500 4WD Double Cab 143.5"" LT w/1LT"
5.21636E+14,MI,Rocker Panel,Rust,2017,Chevrolet Silverado ,"1500 4WD Double Cab 143.5"" LT w/1LT"
5.21636E+14,MI,Wheel Arch,Rust,2017,Chevrolet Silverado ,"1500 4WD Double Cab 143.5"" LT w/1LT"
5.27291E+14,MI,Rocker Panel,Rust,2017,Chevrolet Silverado ,"1500 4WD Double Cab 143.5"" LT w/1LT"
5.32976E+14,MI,Dent Repair Rear,Collision,2018,RAM ,"1500 SLT 4X2 Quad Cab 6'4"" Box"
5.38691E+14,MN,Rocker Panel,Rust,2016,RAM ,"1500 4WD Quad Cab 140.5"" SLT"
5.38691E+14,MI,Tire repair,Flat- reparable,2019,RAM ,"1500 Classic SLT 4X2 Crew Cab 6'4"" Box"
5.44437E+14,MN,Rocker Panel,Rust,2016,RAM ,"1500 4WD Quad Cab 140.5"" SLT"
5.44437E+14,MN,Shocks,Rust,2016,RAM ,"1500 4WD Quad Cab 140.5"" SLT"
5.44437E+14,MN,Struts,Rust,2016,RAM ,"1500 4WD Quad Cab 140.5"" SLT"
5.50214E+14,MN,Rocker Panel,Rust,2016,RAM ,"1500 4WD Quad Cab 140.5"" SLT"
5.50214E+14,MN,Struts,Rust,2016,RAM ,"1500 4WD Quad Cab 140.5"" SLT"
5.56021E+14,MN,Rocker Panel,Rust,2016,RAM ,"1500 4WD Quad Cab 140.5"" SLT"
5.61858E+14,MN,Brake line replacement,Corrosion,2017,Chevrolet Silverado ,"1500 4WD Double Cab 143.5"" LT w/1LT"
5.61858E+14,MN,Cab corner panel,Rust,2017,Chevrolet Silverado ,"1500 4WD Double Cab 143.5"" LT w/1LT"
5.61858E+14,MN,Fender replacement ,Rust,2017,Chevrolet Silverado ,"1500 4WD Double Cab 143.5"" LT w/1LT"
5.61858E+14,MN,Fule tank,Corrosion,2017,Chevrolet Silverado ,"1500 4WD Double Cab 143.5"" LT w/1LT"
5.61858E+14,MN,Rocker Panel,Rust,2017,Chevrolet Silverado ,"1500 4WD Double Cab 143.5"" LT w/1LT"
5.67726E+14,MN,Cab corner panel,Rust,2017,Chevrolet Silverado ,"1500 4WD Double Cab 143.5"" LT w/1LT"
5.67726E+14,MN,Fule tank,Hole,2017,Chevrolet Silverado ,"1500 4WD Double Cab 143.5"" LT w/1LT"
5.67726E+14,MN,Rocker Panel,Rust,2017,Chevrolet Silverado ,"1500 4WD Double Cab 143.5"" LT w/1LT"
5.73625E+14,MN,Rocker Panel,Rust,2017,Chevrolet Silverado ,"1500 4WD Double Cab 143.5"" LT w/1LT"
5.79554E+14,MN,Rocker Panel,Rust,2017,Chevrolet Silverado ,"1500 4WD Double Cab 143.5"" LT w/1LT"
5.85513E+14,MN,Rocker Panel,Rust,2017,Chevrolet Silverado ,"1500 4WD Double Cab 143.5"" LT w/1LT"
5.91503E+14,MN,Rocker Panel,Rust,2017,Chevrolet Silverado ,"1500 4WD Double Cab 143.5"" LT w/1LT"
5.97523E+14,MN,Dent Repair Rear,Collision,2018,Chevrolet Silverado ,"1500 2WD Double Cab 143.5"" LT w/1LT"
5.97523E+14,MN,Tire replacement,Flat- hole not reparable,2018,Chevrolet Silverado ,"1500 2WD Double Cab 143.5"" LT w/1LT"
6.03574E+14,MN,Tire replacement,Flat- hole not reparable,2018,RAM ,"1500 SLT 4X2 Quad Cab 6'4"" Box"
6.03574E+14,MN,Wheel Arch,Rust,2018,RAM ,"1500 SLT 4X2 Quad Cab 6'4"" Box"
6.09655E+14,MN,Windshield replacement,Crack,2019,Chevrolet Silverado ,1500 LD 4WD Double Cab LT w/1LT
6.15767E+14,MN,Dent Repair Rear,Collision,2019,RAM ,"1500 Classic SLT 4X2 Crew Cab 6'4"" Box"
6.15767E+14,MN,Windshield replacement,Crack,2019,RAM ,"1500 Classic SLT 4X2 Crew Cab 6'4"" Box"
6.21909E+14,MO,Fule tank,Hole,2016,RAM ,"1500 4WD Quad Cab 140.5"" SLT"
6.21909E+14,MO,Rocker Panel,Rust,2016,RAM ,"1500 4WD Quad Cab 140.5"" SLT"
6.21909E+14,MO,Windshield replacement,Crack,2016,RAM ,"1500 4WD Quad Cab 140.5"" SLT"
6.28082E+14,MO,Rocker Panel,Rust,2016,RAM ,"1500 4WD Quad Cab 140.5"" SLT"
6.34285E+14,MO,Rocker Panel,Rust,2016,RAM ,"1500 4WD Quad Cab 140.5"" SLT"
6.34285E+14,MO,Shocks,Rust,2016,RAM ,"1500 4WD Quad Cab 140.5"" SLT"
6.34285E+14,MO,Struts,Rust,2016,RAM ,"1500 4WD Quad Cab 140.5"" SLT"
6.40519E+14,MO,Brake line replacement,Corrosion,2017,Chevrolet Silverado ,"1500 4WD Double Cab 143.5"" LT w/1LT"
6.40519E+14,MO,Cab corner panel,Rust,2017,Chevrolet Silverado ,"1500 4WD Double Cab 143.5"" LT w/1LT"
6.40519E+14,MO,Fender replacement ,Rust,2017,Chevrolet Silverado ,"1500 4WD Double Cab 143.5"" LT w/1LT"
6.40519E+14,MO,Fule tank,Corrosion,2017,Chevrolet Silverado ,"1500 4WD Double Cab 143.5"" LT w/1LT"
6.40519E+14,MO,Fule tank,Hole,2017,Chevrolet Silverado ,"1500 4WD Double Cab 143.5"" LT w/1LT"
6.40519E+14,MO,Rocker Panel,Rust,2017,Chevrolet Silverado ,"1500 4WD Double Cab 143.5"" LT w/1LT"
6.40519E+14,MO,Windshield replacement,Crack,2017,Chevrolet Silverado ,"1500 4WD Double Cab 143.5"" LT w/1LT"
6.46783E+14,MO,Rocker Panel,Rust,2017,Chevrolet Silverado ,"1500 4WD Double Cab 143.5"" LT w/1LT"
6.53078E+14,MO,Rocker Panel,Rust,2017,Chevrolet Silverado ,"1500 4WD Double Cab 143.5"" LT w/1LT"
6.59403E+14,MO,Rocker Panel,Rust,2017,Chevrolet Silverado ,"1500 4WD Double Cab 143.5"" LT w/1LT"
6.65759E+14,MO,Rocker Panel,Rust,2017,Chevrolet Silverado ,"1500 4WD Double Cab 143.5"" LT w/1LT"
6.72145E+14,MO,Rocker Panel,Rust,2017,Chevrolet Silverado ,"1500 4WD Double Cab 143.5"" LT w/1LT"
6.78562E+14,MO,Rocker Panel,Rust,2017,Chevrolet Silverado ,"1500 4WD Double Cab 143.5"" LT w/1LT"
6.78562E+14,MO,Transmission,slips in and out of gear,2017,Chevrolet Silverado ,"1500 4WD Double Cab 143.5"" LT w/1LT"
6.78562E+14,MO,Wheel Arch,Rust,2017,Chevrolet Silverado ,"1500 4WD Double Cab 143.5"" LT w/1LT"
6.85009E+14,MO,Tire repair,Flat- reparable,2019,Chevrolet Silverado ,1500 LD 4WD Double Cab LT w/1LT
6.85009E+14,MO,Tire replacement,Flat- hole not reparable,2019,Chevrolet Silverado ,1500 LD 4WD Double Cab LT w/1LT
6.91486E+14,MO,Dent Repair  Left Fender,Collision,2019,RAM ,"1500 Classic SLT 4X2 Crew Cab 6'4"" Box"
6.91486E+14,MO,Tire replacement,Flat- hole not reparable,2019,RAM ,"1500 Classic SLT 4X2 Crew Cab 6'4"" Box"
6.97994E+14,MS,Tire replacement,Flat- hole not reparable,2016,RAM ,"1500 4WD Quad Cab 140.5"" SLT"
7.04533E+14,MS,Battery replacement,Dead battery,2017,Chevrolet Silverado ,"1500 4WD Double Cab 143.5"" LT w/1LT"
7.04533E+14,MS,Tire replacement,Flat- hole not reparable,2017,Chevrolet Silverado ,"1500 4WD Double Cab 143.5"" LT w/1LT"
7.11102E+14,MS,Tire repair,Flat- reparable,2018,Chevrolet Silverado ,"1500 2WD Double Cab 143.5"" LT w/1LT"
7.17702E+14,MS,Dent Repair Rear,Collision,2018,RAM ,"1500 SLT 4X2 Quad Cab 6'4"" Box"
7.24332E+14,MT,Dent Repair  Left Fender,Collision,2016,RAM ,"1500 4WD Quad Cab 140.5"" SLT"
7.24332E+14,MT,Windshield replacement,Crack,2016,RAM ,"1500 4WD Quad Cab 140.5"" SLT"
7.30992E+14,MT,Dent Repair Rear,Collision,2018,Chevrolet Silverado ,"1500 2WD Double Cab 143.5"" LT w/1LT"
7.30992E+14,MT,Tire replacement,Flat- hole not reparable,2018,Chevrolet Silverado ,"1500 2WD Double Cab 143.5"" LT w/1LT"
7.37683E+14,MT,Tire replacement,Flat- hole not reparable,2018,RAM ,"1500 SLT 4X2 Quad Cab 6'4"" Box"
7.44404E+14,MT,Dent Repair  Left Fender,Collision,2019,Chevrolet Silverado ,1500 LD 4WD Double Cab LT w/1LT
7.44404E+14,MT,Tire repair,Flat- reparable,2019,Chevrolet Silverado ,1500 LD 4WD Double Cab LT w/1LT
7.51156E+14,MT,Tire repair,Flat- reparable,2019,RAM ,"1500 Classic SLT 4X2 Crew Cab 6'4"" Box"
7.57939E+14,NC,Tire repair,Flat- reparable,2016,RAM ,"1500 4WD Quad Cab 140.5"" SLT"
7.64752E+14,NC,Dent Repair  Left Fender,Collision,2017,Chevrolet Silverado ,"1500 4WD Double Cab 143.5"" LT w/1LT"
7.71595E+14,NC,Tire repair,Flat- reparable,2018,Chevrolet Silverado ,"1500 2WD Double Cab 143.5"" LT w/1LT"
7.78469E+14,NC,Tire replacement,Flat- hole not reparable,2019,Chevrolet Silverado ,1500 LD 4WD Double Cab LT w/1LT
7.85373E+14,NC,Tire replacement,Flat- hole not reparable,2019,RAM ,"1500 Classic SLT 4X2 Crew Cab 6'4"" Box"
7.92308E+14,ND,Battery replacement,Dead battery,2016,RAM ,"1500 4WD Quad Cab 140.5"" SLT"
7.99273E+14,ND,Battery replacement,Dead battery,2016,RAM ,"1500 4WD Quad Cab 140.5"" SLT"
7.99273E+14,ND,Tire replacement,Flat- hole not reparable,2016,RAM ,"1500 4WD Quad Cab 140.5"" SLT"
8.06269E+14,ND,Battery replacement,Dead battery,2017,Chevrolet Silverado ,"1500 4WD Double Cab 143.5"" LT w/1LT"
8.06269E+14,ND,Tire repair,Flat- reparable,2017,Chevrolet Silverado ,"1500 4WD Double Cab 143.5"" LT w/1LT"
8.06269E+14,ND,Tire replacement,Flat- hole not reparable,2017,Chevrolet Silverado ,"1500 4WD Double Cab 143.5"" LT w/1LT"
8.06269E+14,ND,Transmission,slips in and out of gear,2017,Chevrolet Silverado ,"1500 4WD Double Cab 143.5"" LT w/1LT"
8.06269E+14,ND,Windshield replacement,Crack,2017,Chevrolet Silverado ,"1500 4WD Double Cab 143.5"" LT w/1LT"
8.13295E+14,ND,Tire repair,Flat- reparable,2018,RAM ,"1500 SLT 4X2 Quad Cab 6'4"" Box"
8.20352E+14,NE,Battery replacement,Dead battery,2017,Chevrolet Silverado ,"1500 4WD Double Cab 143.5"" LT w/1LT"
8.27439E+14,NE,Dent Repair  Left Fender,Collision,2018,Chevrolet Silverado ,"1500 2WD Double Cab 143.5"" LT w/1LT"
8.27439E+14,NE,Tire repair,Flat- reparable,2018,Chevrolet Silverado ,"1500 2WD Double Cab 143.5"" LT w/1LT"
8.34557E+14,NE,Dent Repair  Left Fender,Collision,2018,RAM ,"1500 SLT 4X2 Quad Cab 6'4"" Box"
8.41705E+14,NE,Dent Repair  Left Fender,Collision,2019,Chevrolet Silverado ,1500 LD 4WD Double Cab LT w/1LT
8.41705E+14,NE,Tire repair,Flat- reparable,2019,Chevrolet Silverado ,1500 LD 4WD Double Cab LT w/1LT
8.48884E+14,NE,Dent Repair  Left Fender,Collision,2019,RAM ,"1500 Classic SLT 4X2 Crew Cab 6'4"" Box"
8.48884E+14,NE,Dent Repair Rear,Collision,2019,RAM ,"1500 Classic SLT 4X2 Crew Cab 6'4"" Box"
8.48884E+14,NE,Tire repair,Flat- reparable,2019,RAM ,"1500 Classic SLT 4X2 Crew Cab 6'4"" Box"
8.56093E+14,NH,Fule tank,Hole,2016,RAM ,"1500 4WD Quad Cab 140.5"" SLT"
8.56093E+14,NH,Rocker Panel,Rust,2016,RAM ,"1500 4WD Quad Cab 140.5"" SLT"
8.56093E+14,NH,Shocks,Rust,2016,RAM ,"1500 4WD Quad Cab 140.5"" SLT"
8.56093E+14,NH,Struts,Rust,2016,RAM ,"1500 4WD Quad Cab 140.5"" SLT"
8.63333E+14,NH,Brake line replacement,Corrosion,2017,Chevrolet Silverado ,"1500 4WD Double Cab 143.5"" LT w/1LT"
8.63333E+14,NH,Brake line replacement,Corrosion,2017,Chevrolet Silverado ,"1500 4WD Double Cab 143.5"" LT w/1LT"
8.63333E+14,NH,Cab corner panel,Rust,2017,Chevrolet Silverado ,"1500 4WD Double Cab 143.5"" LT w/1LT"
8.63333E+14,NH,Fender replacement ,Rust,2017,Chevrolet Silverado ,"1500 4WD Double Cab 143.5"" LT w/1LT"
8.63333E+14,NH,Fule tank,Corrosion,2017,Chevrolet Silverado ,"1500 4WD Double Cab 143.5"" LT w/1LT"
8.63333E+14,NH,Rocker Panel,Rust,2017,Chevrolet Silverado ,"1500 4WD Double Cab 143.5"" LT w/1LT"
8.70603E+14,NH,Cab corner panel,Rust,2017,Chevrolet Silverado ,"1500 4WD Double Cab 143.5"" LT w/1LT"
8.77904E+14,NH,Cab corner panel,Rust,2017,Chevrolet Silverado ,"1500 4WD Double Cab 143.5"" LT w/1LT"
8.85235E+14,NH,Cab corner panel,Rust,2017,Chevrolet Silverado ,"1500 4WD Double Cab 143.5"" LT w/1LT"
8.92596E+14,NH,Cab corner panel,Rust,2017,Chevrolet Silverado ,"1500 4WD Double Cab 143.5"" LT w/1LT"
8.99988E+14,NH,Cab corner panel,Rust,2017,Chevrolet Silverado ,"1500 4WD Double Cab 143.5"" LT w/1LT"
9.07411E+14,NH,Cab corner panel,Rust,2017,Chevrolet Silverado ,"1500 4WD Double Cab 143.5"" LT w/1LT"
9.14864E+14,NH,Dent Repair  Left Fender,Collision,2018,Chevrolet Silverado ,"1500 2WD Double Cab 143.5"" LT w/1LT"
9.52586E+14,NH,Rocker Panel,Rust,2018,RAM ,"1500 SLT 4X2 Quad Cab 6'4"" Box"
9.52586E+14,NH,Tire replacement,Flat- hole not reparable,2018,RAM ,"1500 SLT 4X2 Quad Cab 6'4"" Box"
9.52586E+14,NH,Wheel Arch,Rust,2018,RAM ,"1500 SLT 4X2 Quad Cab 6'4"" Box"
9.52586E+14,NH,Windshield replacement,Crack,2018,RAM ,"1500 SLT 4X2 Quad Cab 6'4"" Box"
9.60222E+14,NJ,Battery replacement,Dead battery,2016,RAM ,"1500 4WD Quad Cab 140.5"" SLT"
9.60222E+14,NJ,Cab corner panel,Rust,2016,RAM ,"1500 4WD Quad Cab 140.5"" SLT"
9.67889E+14,NJ,Cab corner panel,Rust,2016,RAM ,"1500 4WD Quad Cab 140.5"" SLT"
9.75586E+14,NJ,Cab corner panel,Rust,2016,RAM ,"1500 4WD Quad Cab 140.5"" SLT"
9.83313E+14,NJ,Cab corner panel,Rust,2016,RAM ,"1500 4WD Quad Cab 140.5"" SLT"
9.91071E+14,NJ,Cab corner panel,Rust,2016,RAM ,"1500 4WD Quad Cab 140.5"" SLT"
9.98859E+14,NJ,Cab corner panel,Rust,2016,RAM ,"1500 4WD Quad Cab 140.5"" SLT"
1.00668E+15,NJ,Cab corner panel,Rust,2016,RAM ,"1500 4WD Quad Cab 140.5"" SLT"
1.01453E+15,NJ,Cab corner panel,Rust,2016,RAM ,"1500 4WD Quad Cab 140.5"" SLT"
1.02241E+15,NJ,Cab corner panel,Rust,2016,RAM ,"1500 4WD Quad Cab 140.5"" SLT"
1.03032E+15,NJ,Cab corner panel,Rust,2016,RAM ,"1500 4WD Quad Cab 140.5"" SLT"
1.03032E+15,NJ,Shocks,Rust,2016,RAM ,"1500 4WD Quad Cab 140.5"" SLT"
1.03032E+15,NJ,Struts,Rust,2016,RAM ,"1500 4WD Quad Cab 140.5"" SLT"
1.03826E+15,NJ,Battery replacement,Dead battery,2017,Chevrolet Silverado ,"1500 4WD Double Cab 143.5"" LT w/1LT"
1.03826E+15,NJ,Brake line replacement,Corrosion,2017,Chevrolet Silverado ,"1500 4WD Double Cab 143.5"" LT w/1LT"
1.03826E+15,NJ,Fender replacement ,Rust,2017,Chevrolet Silverado ,"1500 4WD Double Cab 143.5"" LT w/1LT"
1.03826E+15,NJ,Fule tank,Corrosion,2017,Chevrolet Silverado ,"1500 4WD Double Cab 143.5"" LT w/1LT"
1.03826E+15,NJ,Wheel Arch,Rust,2017,Chevrolet Silverado ,"1500 4WD Double Cab 143.5"" LT w/1LT"
1.04623E+15,NJ,Fule tank,Hole,2017,Chevrolet Silverado ,"1500 4WD Double Cab 143.5"" LT w/1LT"
1.05423E+15,NJ,Tire replacement,Flat- hole not reparable,2018,Chevrolet Silverado ,"1500 2WD Double Cab 143.5"" LT w/1LT"
1.06226E+15,NJ,Rocker Panel,Rust,2018,RAM ,"1500 SLT 4X2 Quad Cab 6'4"" Box"
1.07033E+15,NJ,Rocker Panel,Rust,2018,RAM ,"1500 SLT 4X2 Quad Cab 6'4"" Box"
1.07842E+15,NM,Battery replacement,Dead battery,2016,RAM ,"1500 4WD Quad Cab 140.5"" SLT"
1.08654E+15,NM,Dent Repair Rear,Collision,2018,Chevrolet Silverado ,"1500 2WD Double Cab 143.5"" LT w/1LT"
1.08654E+15,NM,Tire replacement,Flat- hole not reparable,2019,Chevrolet Silverado ,1500 LD 4WD Double Cab LT w/1LT
1.08654E+15,NM,Windshield replacement,Crack,2018,Chevrolet Silverado ,"1500 2WD Double Cab 143.5"" LT w/1LT"
1.0947E+15,NM,Dent Repair Rear,Collision,2018,RAM ,"1500 SLT 4X2 Quad Cab 6'4"" Box"
1.10288E+15,NM,Dent Repair  Left Fender,Collision,2019,RAM ,"1500 Classic SLT 4X2 Crew Cab 6'4"" Box"
1.10288E+15,NM,Tire replacement,Flat- hole not reparable,2019,RAM ,"1500 Classic SLT 4X2 Crew Cab 6'4"" Box"
1.1111E+15,NV,Battery replacement,Dead battery,2016,RAM ,"1500 4WD Quad Cab 140.5"" SLT"
1.1111E+15,NV,Tire repair,Flat- reparable,2016,RAM ,"1500 4WD Quad Cab 140.5"" SLT"
1.11934E+15,NV,Battery replacement,Dead battery,2017,Chevrolet Silverado ,"1500 4WD Double Cab 143.5"" LT w/1LT"
1.11934E+15,NV,Tire repair,Flat- reparable,2017,Chevrolet Silverado ,"1500 4WD Double Cab 143.5"" LT w/1LT"
1.12762E+15,NV,Dent Repair  Left Fender,Collision,2019,Chevrolet Silverado ,1500 LD 4WD Double Cab LT w/1LT
1.13593E+15,NY,Brake line replacement,Corrosion,2016,RAM ,"1500 4WD Quad Cab 140.5"" SLT"
1.13593E+15,NY,Cab corner panel,Rust,2016,RAM ,"1500 4WD Quad Cab 140.5"" SLT"
1.13593E+15,NY,Fule tank,Hole,2016,RAM ,"1500 4WD Quad Cab 140.5"" SLT"
1.14426E+15,NY,Cab corner panel,Rust,2016,RAM ,"1500 4WD Quad Cab 140.5"" SLT"
1.15263E+15,NY,Cab corner panel,Rust,2016,RAM ,"1500 4WD Quad Cab 140.5"" SLT"
1.16103E+15,NY,Cab corner panel,Rust,2016,RAM ,"1500 4WD Quad Cab 140.5"" SLT"
1.16946E+15,NY,Cab corner panel,Rust,2016,RAM ,"1500 4WD Quad Cab 140.5"" SLT"
1.17792E+15,NY,Cab corner panel,Rust,2016,RAM ,"1500 4WD Quad Cab 140.5"" SLT"
1.17792E+15,NY,Shocks,Rust,2016,RAM ,"1500 4WD Quad Cab 140.5"" SLT"
1.17792E+15,NY,Struts,Rust,2016,RAM ,"1500 4WD Quad Cab 140.5"" SLT"
1.1864E+15,NY,Cab corner panel,Rust,2016,RAM ,"1500 4WD Quad Cab 140.5"" SLT"
1.1864E+15,NY,Shocks,Rust,2016,RAM ,"1500 4WD Quad Cab 140.5"" SLT"
1.1864E+15,NY,Struts,Rust,2016,RAM ,"1500 4WD Quad Cab 140.5"" SLT"
1.19492E+15,NY,Fender replacement ,Rust,2017,Chevrolet Silverado ,"1500 4WD Double Cab 143.5"" LT w/1LT"
1.19492E+15,NY,Fule tank,Corrosion,2017,Chevrolet Silverado ,"1500 4WD Double Cab 143.5"" LT w/1LT"
1.19492E+15,NY,Wheel Arch,Rust,2017,Chevrolet Silverado ,"1500 4WD Double Cab 143.5"" LT w/1LT"
1.20347E+15,NY,Wheel Arch,Rust,2017,Chevrolet Silverado ,"1500 4WD Double Cab 143.5"" LT w/1LT"
1.21206E+15,NY,Dent Repair  Left Fender,Collision,2018,Chevrolet Silverado ,"1500 2WD Double Cab 143.5"" LT w/1LT"
1.21206E+15,NY,Tire replacement,Flat- hole not reparable,2018,Chevrolet Silverado ,"1500 2WD Double Cab 143.5"" LT w/1LT"
1.22067E+15,NY,Rocker Panel,Rust,2018,RAM ,"1500 SLT 4X2 Quad Cab 6'4"" Box"
1.22067E+15,NY,Wheel Arch,Rust,2018,RAM ,"1500 SLT 4X2 Quad Cab 6'4"" Box"
1.22931E+15,NY,Rocker Panel,Rust,2018,RAM ,"1500 SLT 4X2 Quad Cab 6'4"" Box"
1.22931E+15,NY,Wheel Arch,Rust,2018,RAM ,"1500 SLT 4X2 Quad Cab 6'4"" Box"
1.23798E+15,NY,Tire replacement,Flat- hole not reparable,2019,RAM ,"1500 Classic SLT 4X2 Crew Cab 6'4"" Box"
1.24668E+15,OH,Brake line replacement,Corrosion,2016,RAM ,"1500 4WD Quad Cab 140.5"" SLT"
1.24668E+15,OH,Cab corner panel,Rust,2016,RAM ,"1500 4WD Quad Cab 140.5"" SLT"
1.24668E+15,OH,Shocks,Rust,2016,RAM ,"1500 4WD Quad Cab 140.5"" SLT"
1.24668E+15,OH,Struts,Rust,2016,RAM ,"1500 4WD Quad Cab 140.5"" SLT"
1.25542E+15,OH,Cab corner panel,Rust,2017,Chevrolet Silverado ,"1500 4WD Double Cab 143.5"" LT w/1LT"
1.25542E+15,OH,Fender replacement ,Rust,2017,Chevrolet Silverado ,"1500 4WD Double Cab 143.5"" LT w/1LT"
1.25542E+15,OH,Fule tank,Corrosion,2017,Chevrolet Silverado ,"1500 4WD Double Cab 143.5"" LT w/1LT"
1.25542E+15,OH,Wheel Arch,Rust,2017,Chevrolet Silverado ,"1500 4WD Double Cab 143.5"" LT w/1LT"
1.26418E+15,OH,Fule tank,Hole,2017,Chevrolet Silverado ,"1500 4WD Double Cab 143.5"" LT w/1LT"
1.26418E+15,OH,Wheel Arch,Rust,2017,Chevrolet Silverado ,"1500 4WD Double Cab 143.5"" LT w/1LT"
1.27298E+15,OH,Wheel Arch,Rust,2017,Chevrolet Silverado ,"1500 4WD Double Cab 143.5"" LT w/1LT"
1.2818E+15,OH,Transmission,slips in and out of gear,2017,Chevrolet Silverado ,"1500 4WD Double Cab 143.5"" LT w/1LT"
1.2818E+15,OH,Wheel Arch,Rust,2017,Chevrolet Silverado ,"1500 4WD Double Cab 143.5"" LT w/1LT"
1.29066E+15,OH,Transmission,slips in and out of gear,2017,Chevrolet Silverado ,"1500 4WD Double Cab 143.5"" LT w/1LT"
1.29066E+15,OH,Wheel Arch,Rust,2017,Chevrolet Silverado ,"1500 4WD Double Cab 143.5"" LT w/1LT"
1.29954E+15,OH,Rocker Panel,Rust,2018,RAM ,"1500 SLT 4X2 Quad Cab 6'4"" Box"
1.29954E+15,OH,Wheel Arch,Rust,2018,RAM ,"1500 SLT 4X2 Quad Cab 6'4"" Box"
1.30846E+15,OH,Rocker Panel,Rust,2018,RAM ,"1500 SLT 4X2 Quad Cab 6'4"" Box"
1.30846E+15,OH,Wheel Arch,Rust,2018,RAM ,"1500 SLT 4X2 Quad Cab 6'4"" Box"
1.3174E+15,OH,Wheel Arch,Rust,2018,RAM ,"1500 SLT 4X2 Quad Cab 6'4"" Box"
1.32638E+15,OH,Wheel Arch,Rust,2018,RAM ,"1500 SLT 4X2 Quad Cab 6'4"" Box"
1.33539E+15,OH,Wheel Arch,Rust,2018,RAM ,"1500 SLT 4X2 Quad Cab 6'4"" Box"
1.34443E+15,OH,Wheel Arch,Rust,2018,RAM ,"1500 SLT 4X2 Quad Cab 6'4"" Box"
1.3535E+15,OH,Tire replacement,Flat- hole not reparable,2019,Chevrolet Silverado ,1500 LD 4WD Double Cab LT w/1LT
1.36259E+15,OH,Dent Repair  Left Fender,Collision,2019,RAM ,"1500 Classic SLT 4X2 Crew Cab 6'4"" Box"
1.36259E+15,OH,Dent Repair Rear,Collision,2019,RAM ,"1500 Classic SLT 4X2 Crew Cab 6'4"" Box"
1.36259E+15,OH,Windshield replacement,Crack,2019,RAM ,"1500 Classic SLT 4X2 Crew Cab 6'4"" Box"
1.37172E+15,OK,Battery replacement,Dead battery,2016,RAM ,"1500 4WD Quad Cab 140.5"" SLT"
1.37172E+15,OK,Tire repair,Flat- reparable,2016,RAM ,"1500 4WD Quad Cab 140.5"" SLT"
1.37172E+15,OK,Windshield replacement,Crack,2016,RAM ,"1500 4WD Quad Cab 140.5"" SLT"
1.38088E+15,OK,Tire repair,Flat- reparable,2017,Chevrolet Silverado ,"1500 4WD Double Cab 143.5"" LT w/1LT"
1.38088E+15,OK,Transmission,slips in and out of gear,2017,Chevrolet Silverado ,"1500 4WD Double Cab 143.5"" LT w/1LT"
1.39008E+15,OK,Transmission,slips in and out of gear,2017,Chevrolet Silverado ,"1500 4WD Double Cab 143.5"" LT w/1LT"
1.3993E+15,OK,Transmission,slips in and out of gear,2017,Chevrolet Silverado ,"1500 4WD Double Cab 143.5"" LT w/1LT"
1.40855E+15,OK,Transmission,slips in and out of gear,2017,Chevrolet Silverado ,"1500 4WD Double Cab 143.5"" LT w/1LT"
1.41783E+15,OK,Transmission,slips in and out of gear,2017,Chevrolet Silverado ,"1500 4WD Double Cab 143.5"" LT w/1LT"
1.42714E+15,OK,Transmission,slips in and out of gear,2017,Chevrolet Silverado ,"1500 4WD Double Cab 143.5"" LT w/1LT"
1.43649E+15,OK,Tire repair,Flat- reparable,2018,Chevrolet Silverado ,"1500 2WD Double Cab 143.5"" LT w/1LT"
1.43649E+15,OK,Tire replacement,Flat- hole not reparable,2018,Chevrolet Silverado ,"1500 2WD Double Cab 143.5"" LT w/1LT"
1.44586E+15,OK,Tire repair,Flat- reparable,2018,Chevrolet Silverado ,"1500 2WD Double Cab 143.5"" LT w/1LT"
1.44586E+15,OK,Tire replacement,Flat- hole not reparable,2018,Chevrolet Silverado ,"1500 2WD Double Cab 143.5"" LT w/1LT"
1.45526E+15,OK,Dent Repair  Left Fender,Collision,2019,Chevrolet Silverado ,1500 LD 4WD Double Cab LT w/1LT
1.45526E+15,OK,Dent Repair Rear,Collision,2018,RAM ,"1500 SLT 4X2 Quad Cab 6'4"" Box"
1.45526E+15,OK,Tire repair,Flat- reparable,2018,RAM ,"1500 SLT 4X2 Quad Cab 6'4"" Box"
1.4647E+15,OK,Tire repair,Flat- reparable,2018,RAM ,"1500 SLT 4X2 Quad Cab 6'4"" Box"
1.47416E+15,OK,Tire repair,Flat- reparable,2019,Chevrolet Silverado ,1500 LD 4WD Double Cab LT w/1LT
1.47416E+15,OK,Windshield replacement,Crack,2019,Chevrolet Silverado ,1500 LD 4WD Double Cab LT w/1LT
1.48366E+15,OK,Tire repair,Flat- reparable,2019,Chevrolet Silverado ,1500 LD 4WD Double Cab LT w/1LT
1.48366E+15,OK,Tire replacement,Flat- hole not reparable,2019,Chevrolet Silverado ,1500 LD 4WD Double Cab LT w/1LT
1.49318E+15,OK,Tire repair,Flat- reparable,2019,RAM ,"1500 Classic SLT 4X2 Crew Cab 6'4"" Box"
1.49318E+15,OK,Tire repair,Flat- reparable,2019,RAM ,"1500 Classic SLT 4X2 Crew Cab 6'4"" Box"
1.49318E+15,OK,Tire replacement,Flat- hole not reparable,2019,RAM ,"1500 Classic SLT 4X2 Crew Cab 6'4"" Box"
1.50274E+15,OR,Tire replacement,Flat- hole not reparable,2016,RAM ,"1500 4WD Quad Cab 140.5"" SLT"
1.51233E+15,OR,Battery replacement,Dead battery,2017,Chevrolet Silverado ,"1500 4WD Double Cab 143.5"" LT w/1LT"
1.51233E+15,OR,Tire replacement,Flat- hole not reparable,2017,Chevrolet Silverado ,"1500 4WD Double Cab 143.5"" LT w/1LT"
1.51233E+15,OR,Windshield replacement,Crack,2017,Chevrolet Silverado ,"1500 4WD Double Cab 143.5"" LT w/1LT"
1.52194E+15,PA,Battery replacement,Dead battery,2016,RAM ,"1500 4WD Quad Cab 140.5"" SLT"
1.52194E+15,PA,Brake line replacement,Corrosion,2016,RAM ,"1500 4WD Quad Cab 140.5"" SLT"
1.52194E+15,PA,Cab corner panel,Rust,2016,RAM ,"1500 4WD Quad Cab 140.5"" SLT"
1.52194E+15,PA,Fender replacement ,Rust,2016,RAM ,"1500 4WD Quad Cab 140.5"" SLT"
1.52194E+15,PA,Fule tank,Hole,2016,RAM ,"1500 4WD Quad Cab 140.5"" SLT"
1.52194E+15,PA,Shocks,Rust,2016,RAM ,"1500 4WD Quad Cab 140.5"" SLT"
1.52194E+15,PA,Struts,Rust,2016,RAM ,"1500 4WD Quad Cab 140.5"" SLT"
1.52194E+15,PA,Tire repair,Flat- reparable,2016,RAM ,"1500 4WD Quad Cab 140.5"" SLT"
1.52194E+15,OR,Windshield replacement,Crack,2018,RAM ,"1500 SLT 4X2 Quad Cab 6'4"" Box"
1.53159E+15,PA,Struts,Rust,2016,RAM ,"1500 4WD Quad Cab 140.5"" SLT"
1.54127E+15,PA,Fender replacement ,Rust,2017,Chevrolet Silverado ,"1500 4WD Double Cab 143.5"" LT w/1LT"
1.54127E+15,PA,Fule tank,Corrosion,2017,Chevrolet Silverado ,"1500 4WD Double Cab 143.5"" LT w/1LT"
1.54127E+15,PA,Tire repair,Flat- reparable,2017,Chevrolet Silverado ,"1500 4WD Double Cab 143.5"" LT w/1LT"
1.54127E+15,PA,Wheel Arch,Rust,2017,Chevrolet Silverado ,"1500 4WD Double Cab 143.5"" LT w/1LT"
1.55098E+15,PA,Wheel Arch,Rust,2017,Chevrolet Silverado ,"1500 4WD Double Cab 143.5"" LT w/1LT"
1.56072E+15,PA,Wheel Arch,Rust,2017,Chevrolet Silverado ,"1500 4WD Double Cab 143.5"" LT w/1LT"
1.57049E+15,PA,Wheel Arch,Rust,2017,Chevrolet Silverado ,"1500 4WD Double Cab 143.5"" LT w/1LT"
1.58029E+15,PA,Wheel Arch,Rust,2017,Chevrolet Silverado ,"1500 4WD Double Cab 143.5"" LT w/1LT"
1.59012E+15,PA,Wheel Arch,Rust,2017,Chevrolet Silverado ,"1500 4WD Double Cab 143.5"" LT w/1LT"
1.59998E+15,PA,Dent Repair  Left Fender,Collision,2018,Chevrolet Silverado ,"1500 2WD Double Cab 143.5"" LT w/1LT"
1.59998E+15,PA,Windshield replacement,Crack,2018,Chevrolet Silverado ,"1500 2WD Double Cab 143.5"" LT w/1LT"
1.60987E+15,PA,Rocker Panel,Rust,2018,RAM ,"1500 SLT 4X2 Quad Cab 6'4"" Box"
1.60987E+15,PA,Wheel Arch,Rust,2018,RAM ,"1500 SLT 4X2 Quad Cab 6'4"" Box"
1.61979E+15,PA,Wheel Arch,Rust,2018,RAM ,"1500 SLT 4X2 Quad Cab 6'4"" Box"
1.62975E+15,PA,Wheel Arch,Rust,2018,RAM ,"1500 SLT 4X2 Quad Cab 6'4"" Box"
1.63973E+15,PA,Wheel Arch,Rust,2018,RAM ,"1500 SLT 4X2 Quad Cab 6'4"" Box"
1.64974E+15,PA,Wheel Arch,Rust,2018,RAM ,"1500 SLT 4X2 Quad Cab 6'4"" Box"
1.65979E+15,RI,Brake line replacement,Corrosion,2016,RAM ,"1500 4WD Quad Cab 140.5"" SLT"
1.65979E+15,RI,Fender replacement ,Rust,2016,RAM ,"1500 4WD Quad Cab 140.5"" SLT"
1.65979E+15,RI,Rocker Panel,Rust,2016,RAM ,"1500 4WD Quad Cab 140.5"" SLT"
1.65979E+15,RI,Shocks,Rust,2016,RAM ,"1500 4WD Quad Cab 140.5"" SLT"
1.65979E+15,RI,Struts,Rust,2016,RAM ,"1500 4WD Quad Cab 140.5"" SLT"
1.66986E+15,RI,Struts,Rust,2016,RAM ,"1500 4WD Quad Cab 140.5"" SLT"
1.66986E+15,RI,Struts,Rust,2016,RAM ,"1500 4WD Quad Cab 140.5"" SLT"
1.66986E+15,RI,Struts,Rust,2016,RAM ,"1500 4WD Quad Cab 140.5"" SLT"
1.66986E+15,RI,Struts,Rust,2016,RAM ,"1500 4WD Quad Cab 140.5"" SLT"
1.66986E+15,RI,Struts,Rust,2016,RAM ,"1500 4WD Quad Cab 140.5"" SLT"
1.66986E+15,RI,Struts,Rust,2016,RAM ,"1500 4WD Quad Cab 140.5"" SLT"
1.66986E+15,RI,Struts,Rust,2016,RAM ,"1500 4WD Quad Cab 140.5"" SLT"
1.66986E+15,RI,Struts,Rust,2016,RAM ,"1500 4WD Quad Cab 140.5"" SLT"
1.67997E+15,RI,Cab corner panel,Rust,2017,Chevrolet Silverado ,"1500 4WD Double Cab 143.5"" LT w/1LT"
1.67997E+15,RI,Fender replacement ,Rust,2017,Chevrolet Silverado ,"1500 4WD Double Cab 143.5"" LT w/1LT"
1.67997E+15,RI,Fule tank,Corrosion,2017,Chevrolet Silverado ,"1500 4WD Double Cab 143.5"" LT w/1LT"
1.67997E+15,RI,Wheel Arch,Rust,2017,Chevrolet Silverado ,"1500 4WD Double Cab 143.5"" LT w/1LT"
1.6901E+15,RI,Fender replacement ,Rust,2017,Chevrolet Silverado ,"1500 4WD Double Cab 143.5"" LT w/1LT"
1.6901E+15,RI,Fule tank,Hole,2017,Chevrolet Silverado ,"1500 4WD Double Cab 143.5"" LT w/1LT"
1.70027E+15,RI,Transmission,slips in and out of gear,2018,Chevrolet Silverado ,"1500 2WD Double Cab 143.5"" LT w/1LT"
1.71046E+15,RI,Wheel Arch,Rust,2018,RAM ,"1500 SLT 4X2 Quad Cab 6'4"" Box"
1.72069E+15,RI,Wheel Arch,Rust,2018,RAM ,"1500 SLT 4X2 Quad Cab 6'4"" Box"
1.73095E+15,RI,Windshield replacement,Crack,2019,Chevrolet Silverado ,1500 LD 4WD Double Cab LT w/1LT
1.74124E+15,RI,Windshield replacement,Crack,2019,RAM ,"1500 Classic SLT 4X2 Crew Cab 6'4"" Box"
1.75156E+15,SC,Transmission,slips in and out of gear,2016,RAM ,"1500 4WD Quad Cab 140.5"" SLT"
1.75156E+15,SC,Windshield replacement,Crack,2016,RAM ,"1500 4WD Quad Cab 140.5"" SLT"
1.7619E+15,SC,Transmission,slips in and out of gear,2016,RAM ,"1500 4WD Quad Cab 140.5"" SLT"
1.77228E+15,SC,Transmission,slips in and out of gear,2016,RAM ,"1500 4WD Quad Cab 140.5"" SLT"
1.78269E+15,SC,Transmission,slips in and out of gear,2016,RAM ,"1500 4WD Quad Cab 140.5"" SLT"
1.79313E+15,SC,Transmission,slips in and out of gear,2016,RAM ,"1500 4WD Quad Cab 140.5"" SLT"
1.8036E+15,SC,Transmission,slips in and out of gear,2016,RAM ,"1500 4WD Quad Cab 140.5"" SLT"
1.81411E+15,SC,Transmission,slips in and out of gear,2016,RAM ,"1500 4WD Quad Cab 140.5"" SLT"
1.82464E+15,SC,Transmission,slips in and out of gear,2016,RAM ,"1500 4WD Quad Cab 140.5"" SLT"
1.8352E+15,SC,Windshield replacement,Crack,2017,Chevrolet Silverado ,"1500 4WD Double Cab 143.5"" LT w/1LT"
1.84579E+15,SC,Dent Repair Rear,Collision,2018,Chevrolet Silverado ,"1500 2WD Double Cab 143.5"" LT w/1LT"
1.84579E+15,SC,Tire repair,Flat- reparable,2018,Chevrolet Silverado ,"1500 2WD Double Cab 143.5"" LT w/1LT"
1.84579E+15,SC,Transmission,slips in and out of gear,2018,Chevrolet Silverado ,"1500 2WD Double Cab 143.5"" LT w/1LT"
1.85642E+15,SC,Tire repair,Flat- reparable,2018,RAM ,"1500 SLT 4X2 Quad Cab 6'4"" Box"
1.86707E+15,SD,Tire replacement,Flat- hole not reparable,2018,Chevrolet Silverado ,"1500 2WD Double Cab 143.5"" LT w/1LT"
1.86707E+15,SD,Windshield replacement,Crack,2018,Chevrolet Silverado ,"1500 2WD Double Cab 143.5"" LT w/1LT"
1.87775E+15,SD,Dent Repair Rear,Collision,2018,RAM ,"1500 SLT 4X2 Quad Cab 6'4"" Box"
1.87775E+15,SD,Tire replacement,Flat- hole not reparable,2018,RAM ,"1500 SLT 4X2 Quad Cab 6'4"" Box"
1.87775E+15,SD,Windshield replacement,Crack,2018,RAM ,"1500 SLT 4X2 Quad Cab 6'4"" Box"
1.88847E+15,SD,Dent Repair  Left Fender,Collision,2019,RAM ,"1500 Classic SLT 4X2 Crew Cab 6'4"" Box"
1.88847E+15,SD,Dent Repair Rear,Collision,2019,RAM ,"1500 Classic SLT 4X2 Crew Cab 6'4"" Box"
1.88847E+15,SD,Tire repair,Flat- reparable,2019,RAM ,"1500 Classic SLT 4X2 Crew Cab 6'4"" Box"
1.88847E+15,SD,Windshield replacement,Crack,2019,RAM ,"1500 Classic SLT 4X2 Crew Cab 6'4"" Box"
1.89921E+15,TN,Battery replacement,Dead battery,2016,RAM ,"1500 4WD Quad Cab 140.5"" SLT"
1.89921E+15,TN,Transmission,slips in and out of gear,2016,RAM ,"1500 4WD Quad Cab 140.5"" SLT"
1.90999E+15,TN,Battery replacement,Dead battery,2016,RAM ,"1500 4WD Quad Cab 140.5"" SLT"
1.9208E+15,TN,Battery replacement,Dead battery,2016,RAM ,"1500 4WD Quad Cab 140.5"" SLT"
1.93163E+15,TN,Battery replacement,Dead battery,2017,Chevrolet Silverado ,"1500 4WD Double Cab 143.5"" LT w/1LT"
1.9425E+15,TN,Battery replacement,Dead battery,2017,Chevrolet Silverado ,"1500 4WD Double Cab 143.5"" LT w/1LT"
1.9534E+15,TN,Battery replacement,Dead battery,2017,Chevrolet Silverado ,"1500 4WD Double Cab 143.5"" LT w/1LT"
1.96432E+15,TN,Dent Repair Rear,Collision,2018,Chevrolet Silverado ,"1500 2WD Double Cab 143.5"" LT w/1LT"
1.97528E+15,TN,Tire repair,Flat- reparable,2019,Chevrolet Silverado ,1500 LD 4WD Double Cab LT w/1LT
1.97528E+15,TN,Windshield replacement,Crack,2019,Chevrolet Silverado ,1500 LD 4WD Double Cab LT w/1LT
1.98627E+15,TX,Windshield replacement,Crack,2016,RAM ,"1500 4WD Quad Cab 140.5"" SLT"
1.98627E+15,TX,Windshield replacement,Crack,2016,RAM ,"1500 4WD Quad Cab 140.5"" SLT"
1.99729E+15,TX,Battery replacement,Dead battery,2016,RAM ,"1500 4WD Quad Cab 140.5"" SLT"
2.00834E+15,TX,Battery replacement,Dead battery,2017,Chevrolet Silverado ,"1500 4WD Double Cab 143.5"" LT w/1LT"
2.00834E+15,TX,Wheel Arch,Rust,2017,Chevrolet Silverado ,"1500 4WD Double Cab 143.5"" LT w/1LT"
2.00834E+15,TX,Windshield replacement,Crack,2017,Chevrolet Silverado ,"1500 4WD Double Cab 143.5"" LT w/1LT"
2.01942E+15,TX,Windshield replacement,Crack,2017,Chevrolet Silverado ,"1500 4WD Double Cab 143.5"" LT w/1LT"
2.03053E+15,TX,Tire repair,Flat- reparable,2018,Chevrolet Silverado ,"1500 2WD Double Cab 143.5"" LT w/1LT"
2.04167E+15,TX,Windshield replacement,Crack,2018,RAM ,"1500 SLT 4X2 Quad Cab 6'4"" Box"
2.05285E+15,TX,Dent Repair  Left Fender,Collision,2019,Chevrolet Silverado ,1500 LD 4WD Double Cab LT w/1LT
2.06405E+15,TX,Dent Repair Rear,Collision,2019,RAM ,"1500 Classic SLT 4X2 Crew Cab 6'4"" Box"
2.07528E+15,UT,Windshield replacement,Crack,2016,RAM ,"1500 4WD Quad Cab 140.5"" SLT"
2.08655E+15,UT,Windshield replacement,Crack,2017,Chevrolet Silverado ,"1500 4WD Double Cab 143.5"" LT w/1LT"
2.09784E+15,UT,Dent Repair  Left Fender,Collision,2018,Chevrolet Silverado ,"1500 2WD Double Cab 143.5"" LT w/1LT"
2.09784E+15,UT,Windshield replacement,Crack,2018,Chevrolet Silverado ,"1500 2WD Double Cab 143.5"" LT w/1LT"
2.10916E+15,UT,Windshield replacement,Crack,2018,RAM ,"1500 SLT 4X2 Quad Cab 6'4"" Box"
2.12052E+15,UT,Windshield replacement,Crack,2019,Chevrolet Silverado ,1500 LD 4WD Double Cab LT w/1LT
2.1319E+15,UT,Dent Repair  Left Fender,Collision,2019,RAM ,"1500 Classic SLT 4X2 Crew Cab 6'4"" Box"
2.1319E+15,UT,Tire repair,Flat- reparable,2019,RAM ,"1500 Classic SLT 4X2 Crew Cab 6'4"" Box"
2.1319E+15,UT,Tire replacement,Flat- hole not reparable,2019,RAM ,"1500 Classic SLT 4X2 Crew Cab 6'4"" Box"
2.1319E+15,UT,Windshield replacement,Crack,2019,RAM ,"1500 Classic SLT 4X2 Crew Cab 6'4"" Box"
2.14332E+15,VA,Brake line replacement,Corrosion,2016,RAM ,"1500 4WD Quad Cab 140.5"" SLT"
2.14332E+15,VA,Cab corner panel,Rust,2016,RAM ,"1500 4WD Quad Cab 140.5"" SLT"
2.14332E+15,VA,Fule tank,Hole,2016,RAM ,"1500 4WD Quad Cab 140.5"" SLT"
2.14332E+15,VA,Shocks,Rust,2016,RAM ,"1500 4WD Quad Cab 140.5"" SLT"
2.14332E+15,VA,Tire replacement,Flat- hole not reparable,2016,RAM ,"1500 4WD Quad Cab 140.5"" SLT"
2.15477E+15,VA,Brake line replacement,Corrosion,2016,RAM ,"1500 4WD Quad Cab 140.5"" SLT"
2.15477E+15,VA,Shocks,Rust,2016,RAM ,"1500 4WD Quad Cab 140.5"" SLT"
2.16624E+15,VA,Shocks,Rust,2016,RAM ,"1500 4WD Quad Cab 140.5"" SLT"
2.17775E+15,VA,Shocks,Rust,2016,RAM ,"1500 4WD Quad Cab 140.5"" SLT"
2.18929E+15,VA,Shocks,Rust,2016,RAM ,"1500 4WD Quad Cab 140.5"" SLT"
2.20086E+15,VA,Shocks,Rust,2016,RAM ,"1500 4WD Quad Cab 140.5"" SLT"
2.21245E+15,VA,Shocks,Rust,2016,RAM ,"1500 4WD Quad Cab 140.5"" SLT"
2.22408E+15,VA,Struts,Rust,2016,RAM ,"1500 4WD Quad Cab 140.5"" SLT"
2.23574E+15,VA,Struts,Rust,2016,RAM ,"1500 4WD Quad Cab 140.5"" SLT"
2.24743E+15,VA,Struts,Rust,2016,RAM ,"1500 4WD Quad Cab 140.5"" SLT"
2.25915E+15,VA,Struts,Rust,2016,RAM ,"1500 4WD Quad Cab 140.5"" SLT"
2.27091E+15,VA,Battery replacement,Dead battery,2017,Chevrolet Silverado ,"1500 4WD Double Cab 143.5"" LT w/1LT"
2.27091E+15,VA,Fender replacement ,Rust,2017,Chevrolet Silverado ,"1500 4WD Double Cab 143.5"" LT w/1LT"
2.27091E+15,VA,Fule tank,Corrosion,2017,Chevrolet Silverado ,"1500 4WD Double Cab 143.5"" LT w/1LT"
2.27091E+15,VA,Rocker Panel,Rust,2017,Chevrolet Silverado ,"1500 4WD Double Cab 143.5"" LT w/1LT"
2.27091E+15,VA,Wheel Arch,Rust,2017,Chevrolet Silverado ,"1500 4WD Double Cab 143.5"" LT w/1LT"
2.28269E+15,VA,Rocker Panel,Rust,2017,Chevrolet Silverado ,"1500 4WD Double Cab 143.5"" LT w/1LT"
2.2945E+15,VA,Wheel Arch,Rust,2018,RAM ,"1500 SLT 4X2 Quad Cab 6'4"" Box"
2.2945E+15,VA,Windshield replacement,Crack,2018,Chevrolet Silverado ,"1500 2WD Double Cab 143.5"" LT w/1LT"
2.30634E+15,VA,Tire repair,Flat- reparable,2019,Chevrolet Silverado ,1500 LD 4WD Double Cab LT w/1LT
2.30634E+15,VA,Tire replacement,Flat- hole not reparable,2019,Chevrolet Silverado ,1500 LD 4WD Double Cab LT w/1LT
2.31821E+15,VT,Battery replacement,Dead battery,2016,RAM ,"1500 4WD Quad Cab 140.5"" SLT"
2.31821E+15,VT,Brake line replacement,Corrosion,2016,RAM ,"1500 4WD Quad Cab 140.5"" SLT"
2.31821E+15,VT,Fender replacement ,Rust,2016,RAM ,"1500 4WD Quad Cab 140.5"" SLT"
2.31821E+15,VT,Rocker Panel,Rust,2016,RAM ,"1500 4WD Quad Cab 140.5"" SLT"
2.31821E+15,VT,Shocks,Rust,2016,RAM ,"1500 4WD Quad Cab 140.5"" SLT"
2.31821E+15,VT,Struts,Rust,2016,RAM ,"1500 4WD Quad Cab 140.5"" SLT"
2.31821E+15,VT,Struts,Rust,2016,RAM ,"1500 4WD Quad Cab 140.5"" SLT"
2.33012E+15,VT,Shocks,Rust,2016,RAM ,"1500 4WD Quad Cab 140.5"" SLT"
2.33012E+15,VT,Struts,Rust,2016,RAM ,"1500 4WD Quad Cab 140.5"" SLT"
2.34205E+15,VT,Shocks,Rust,2016,RAM ,"1500 4WD Quad Cab 140.5"" SLT"
2.34205E+15,VT,Struts,Rust,2016,RAM ,"1500 4WD Quad Cab 140.5"" SLT"
2.35402E+15,VT,Shocks,Rust,2016,RAM ,"1500 4WD Quad Cab 140.5"" SLT"
2.35402E+15,VT,Struts,Rust,2016,RAM ,"1500 4WD Quad Cab 140.5"" SLT"
2.36601E+15,VT,Shocks,Rust,2016,RAM ,"1500 4WD Quad Cab 140.5"" SLT"
2.36601E+15,VT,Struts,Rust,2016,RAM ,"1500 4WD Quad Cab 140.5"" SLT"
2.37804E+15,VT,Cab corner panel,Rust,2017,Chevrolet Silverado ,"1500 4WD Double Cab 143.5"" LT w/1LT"
2.37804E+15,VT,Fender replacement ,Rust,2017,Chevrolet Silverado ,"1500 4WD Double Cab 143.5"" LT w/1LT"
2.37804E+15,VT,Fule tank,Corrosion,2017,Chevrolet Silverado ,"1500 4WD Double Cab 143.5"" LT w/1LT"
2.39009E+15,VT,Fule tank,Hole,2017,Chevrolet Silverado ,"1500 4WD Double Cab 143.5"" LT w/1LT"
2.40218E+15,VT,Tire repair,Flat- reparable,2018,Chevrolet Silverado ,"1500 2WD Double Cab 143.5"" LT w/1LT"
2.4143E+15,WA,Battery replacement,Dead battery,2016,RAM ,"1500 4WD Quad Cab 140.5"" SLT"
2.4143E+15,VT,Dent Repair Rear,Collision,2018,RAM ,"1500 SLT 4X2 Quad Cab 6'4"" Box"
2.4143E+15,VT,Wheel Arch,Rust,2018,RAM ,"1500 SLT 4X2 Quad Cab 6'4"" Box"
2.42644E+15,WA,Tire replacement,Flat- hole not reparable,2017,Chevrolet Silverado ,"1500 4WD Double Cab 143.5"" LT w/1LT"
2.43862E+15,WA,Dent Repair  Left Fender,Collision,2019,Chevrolet Silverado ,1500 LD 4WD Double Cab LT w/1LT
2.43862E+15,WA,Tire repair,Flat- reparable,2019,Chevrolet Silverado ,1500 LD 4WD Double Cab LT w/1LT
2.45083E+15,WA,Tire repair,Flat- reparable,2019,RAM ,"1500 Classic SLT 4X2 Crew Cab 6'4"" Box"
2.45083E+15,WA,Windshield replacement,Crack,2019,RAM ,"1500 Classic SLT 4X2 Crew Cab 6'4"" Box"
2.46307E+15,WI,Battery replacement,Dead battery,2016,RAM ,"1500 4WD Quad Cab 140.5"" SLT"
2.46307E+15,WI,Cab corner panel,Rust,2016,RAM ,"1500 4WD Quad Cab 140.5"" SLT"
2.46307E+15,WI,Fule tank,Hole,2016,RAM ,"1500 4WD Quad Cab 140.5"" SLT"
2.46307E+15,WI,Shocks,Rust,2016,RAM ,"1500 4WD Quad Cab 140.5"" SLT"
2.46307E+15,WI,Struts,Rust,2016,RAM ,"1500 4WD Quad Cab 140.5"" SLT"
2.46307E+15,WI,Tire repair,Flat- reparable,2016,RAM ,"1500 4WD Quad Cab 140.5"" SLT"
2.47534E+15,WI,Shocks,Rust,2016,RAM ,"1500 4WD Quad Cab 140.5"" SLT"
2.47534E+15,WI,Struts,Rust,2016,RAM ,"1500 4WD Quad Cab 140.5"" SLT"
2.48764E+15,WI,Shocks,Rust,2016,RAM ,"1500 4WD Quad Cab 140.5"" SLT"
2.48764E+15,WI,Struts,Rust,2016,RAM ,"1500 4WD Quad Cab 140.5"" SLT"
2.49997E+15,WI,Shocks,Rust,2016,RAM ,"1500 4WD Quad Cab 140.5"" SLT"
2.49997E+15,WI,Struts,Rust,2016,RAM ,"1500 4WD Quad Cab 140.5"" SLT"
2.51233E+15,WI,Shocks,Rust,2016,RAM ,"1500 4WD Quad Cab 140.5"" SLT"
2.51233E+15,WI,Shocks,Rust,2016,RAM ,"1500 4WD Quad Cab 140.5"" SLT"
2.51233E+15,WI,Struts,Rust,2016,RAM ,"1500 4WD Quad Cab 140.5"" SLT"
2.52472E+15,WI,Battery replacement,Dead battery,2017,Chevrolet Silverado ,"1500 4WD Double Cab 143.5"" LT w/1LT"
2.52472E+15,WI,Brake line replacement,Corrosion,2017,Chevrolet Silverado ,"1500 4WD Double Cab 143.5"" LT w/1LT"
2.52472E+15,WI,Fender replacement ,Rust,2017,Chevrolet Silverado ,"1500 4WD Double Cab 143.5"" LT w/1LT"
2.52472E+15,WI,Fule tank,Corrosion,2017,Chevrolet Silverado ,"1500 4WD Double Cab 143.5"" LT w/1LT"
2.52472E+15,WI,Rocker Panel,Rust,2017,Chevrolet Silverado ,"1500 4WD Double Cab 143.5"" LT w/1LT"
2.52472E+15,WI,Wheel Arch,Rust,2017,Chevrolet Silverado ,"1500 4WD Double Cab 143.5"" LT w/1LT"
2.53714E+15,WI,Dent Repair Rear,Collision,2018,Chevrolet Silverado ,"1500 2WD Double Cab 143.5"" LT w/1LT"
2.53714E+15,WI,Tire repair,Flat- reparable,2018,Chevrolet Silverado ,"1500 2WD Double Cab 143.5"" LT w/1LT"
2.54959E+15,WI,Wheel Arch,Rust,2018,RAM ,"1500 SLT 4X2 Quad Cab 6'4"" Box"
2.56208E+15,WI,Windshield replacement,Crack,2019,Chevrolet Silverado ,1500 LD 4WD Double Cab LT w/1LT
2.57459E+15,WV,Brake line replacement,Corrosion,2016,RAM ,"1500 4WD Quad Cab 140.5"" SLT"
2.57459E+15,WV,Fender replacement ,Rust,2016,RAM ,"1500 4WD Quad Cab 140.5"" SLT"
2.57459E+15,WV,Shocks,Rust,2016,RAM ,"1500 4WD Quad Cab 140.5"" SLT"
2.57459E+15,WV,Windshield replacement,Crack,2016,RAM ,"1500 4WD Quad Cab 140.5"" SLT"
2.58713E+15,WV,Shocks,Rust,2016,RAM ,"1500 4WD Quad Cab 140.5"" SLT"
2.59971E+15,WV,Shocks,Rust,2016,RAM ,"1500 4WD Quad Cab 140.5"" SLT"
2.61231E+15,WV,Shocks,Rust,2016,RAM ,"1500 4WD Quad Cab 140.5"" SLT"
2.62495E+15,WV,Shocks,Rust,2016,RAM ,"1500 4WD Quad Cab 140.5"" SLT"
2.63761E+15,WV,Shocks,Rust,2016,RAM ,"1500 4WD Quad Cab 140.5"" SLT"
2.63761E+15,WV,Struts,Rust,2016,RAM ,"1500 4WD Quad Cab 140.5"" SLT"
2.65031E+15,WV,Shocks,Rust,2016,RAM ,"1500 4WD Quad Cab 140.5"" SLT"
2.65031E+15,WV,Struts,Rust,2016,RAM ,"1500 4WD Quad Cab 140.5"" SLT"
2.66304E+15,WV,Shocks,Rust,2016,RAM ,"1500 4WD Quad Cab 140.5"" SLT"
2.66304E+15,WV,Struts,Rust,2016,RAM ,"1500 4WD Quad Cab 140.5"" SLT"
2.67579E+15,WV,Shocks,Rust,2016,RAM ,"1500 4WD Quad Cab 140.5"" SLT"
2.67579E+15,WV,Transmission,slips in and out of gear,2016,RAM ,"1500 4WD Quad Cab 140.5"" SLT"
2.68858E+15,WV,Fule tank,Corrosion,2017,Chevrolet Silverado ,"1500 4WD Double Cab 143.5"" LT w/1LT"
2.68858E+15,WV,Fule tank,Hole,2017,Chevrolet Silverado ,"1500 4WD Double Cab 143.5"" LT w/1LT"
2.68858E+15,WV,Tire repair,Flat- reparable,2017,Chevrolet Silverado ,"1500 4WD Double Cab 143.5"" LT w/1LT"
2.7014E+15,WV,Cab corner panel,Rust,2017,Chevrolet Silverado ,"1500 4WD Double Cab 143.5"" LT w/1LT"
2.7014E+15,WV,Fender replacement ,Rust,2017,Chevrolet Silverado ,"1500 4WD Double Cab 143.5"" LT w/1LT"
2.7014E+15,WV,Fule tank,Hole,2017,Chevrolet Silverado ,"1500 4WD Double Cab 143.5"" LT w/1LT"
2.7014E+15,WV,Rocker Panel,Rust,2017,Chevrolet Silverado ,"1500 4WD Double Cab 143.5"" LT w/1LT"
2.7014E+15,WV,Wheel Arch,Rust,2017,Chevrolet Silverado ,"1500 4WD Double Cab 143.5"" LT w/1LT"
2.71425E+15,WV,Dent Repair  Left Fender,Collision,2018,Chevrolet Silverado ,"1500 2WD Double Cab 143.5"" LT w/1LT"
2.72713E+15,WV,Tire repair,Flat- reparable,2018,RAM ,"1500 SLT 4X2 Quad Cab 6'4"" Box"
2.72713E+15,WV,Tire replacement,Flat- hole not reparable,2018,RAM ,"1500 SLT 4X2 Quad Cab 6'4"" Box"
2.74004E+15,WY,Battery replacement,Dead battery,2017,Chevrolet Silverado ,"1500 4WD Double Cab 143.5"" LT w/1LT"
2.74004E+15,WY,Tire repair,Flat- reparable,2018,Chevrolet Silverado ,"1500 2WD Double Cab 143.5"" LT w/1LT"
2.74004E+15,WY,Tire replacement,Flat- hole not reparable,2018,Chevrolet Silverado ,"1500 2WD Double Cab 143.5"" LT w/1LT"
2.74004E+15,WY,Windshield replacement,Crack,2017,Chevrolet Silverado ,"1500 4WD Double Cab 143.5"" LT w/1LT"
2.75297E+15,WY,Tire repair,Flat- reparable,2019,Chevrolet Silverado ,1500 LD 4WD Double Cab LT w/1LT
2.76595E+15,WY,Tire repair,Flat- reparable,2019,RAM ,"1500 Classic SLT 4X2 Crew Cab 6'4"" Box"
2.76595E+15,WY,Tire replacement,Flat- hole not reparable,2019,RAM ,"1500 Classic SLT 4X2 Crew Cab 6'4"" Box"
2.81813E+15,CT,Tire repair,Flat- reparable,2018,Chevrolet Silverado ,"1500 2WD Double Cab 143.5"" LT w/1LT"
2.83125E+15,DE,Fule tank,Corrosion,2016,RAM ,"1500 4WD Quad Cab 140.5"" SLT"
2.95073E+15,IA,Fule tank,Hole,2018,Chevrolet Silverado ,"1500 2WD Double Cab 143.5"" LT w/1LT"
2.95073E+15,IA,Tire replacement,Flat- hole not reparable,2018,Chevrolet Silverado ,"1500 2WD Double Cab 143.5"" LT w/1LT"
2.96416E+15,IA,Tire repair,Flat- reparable,2019,Chevrolet Silverado ,1500 LD 4WD Double Cab LT w/1LT
3.01818E+15,ID,Tire replacement,Flat- hole not reparable,2018,Chevrolet Silverado ,"1500 2WD Double Cab 143.5"" LT w/1LT"
3.08638E+15,IA,Fule tank,Corrosion,2017,Chevrolet Silverado ,"1500 4WD Double Cab 143.5"" LT w/1LT"
3.11388E+15,NH,Cab corner panel,Rust,2017,Chevrolet Silverado ,"1500 4WD Double Cab 143.5"" LT w/1LT"
